Rk,Player,Nation,Pos,Squad,Age,Born,MP,Starts,Min,90s,Gls,Ast,G+A,G-PK,PK,PKatt,CrdY,CrdR,xG,npxG,xAG,npxG+xAG,PrgC,PrgP,PrgR,Gls,Ast,G+A,G-PK,G+A-PK,xG,xAG,xG+xAG,npxG,npxG+xAG,DrbSucc,Int,TklW
1,Max Aarons,eng ENG,DF,Norwich City,21,2000,34,32,2881,32,0,2,2,0,0,0,8,0,0.8,0.8,1.7,2.5,78,117,85,0,0.06,0.06,0,0.06,0.03,0.05,0.08,0.03,0.08,34,28,44
2,Che Adams,sct SCO,FW,Southampton,25,1996,30,23,2039,22.7,7,3,10,7,0,0,0,0,7.1,7.1,3,10.1,19,33,153,0.31,0.13,0.44,0.31,0.44,0.31,0.13,0.45,0.31,0.45,20,8,6
3,Rayan Aït Nouri,dz ALG,DFMF,Wolves,20,2001,23,20,1828,20.3,1,2,3,1,0,0,4,0,0.6,0.6,1.6,2.2,60,49,127,0.05,0.1,0.15,0.05,0.15,0.03,0.08,0.11,0.03,0.11,42,22,36
4,Kristoffer Ajer,no NOR,DF,Brentford,23,1998,24,23,1995,22.2,1,3,4,1,0,0,5,0,0.8,0.8,1.7,2.5,30,82,29,0.05,0.14,0.18,0.05,0.18,0.04,0.08,0.11,0.04,0.11,13,26,18
5,Nathan Aké,nl NED,DF,Manchester City,26,1995,14,10,923,10.3,2,0,2,2,0,0,0,0,0.7,0.7,0.6,1.2,12,57,8,0.2,0,0.2,0.2,0.2,0.07,0.06,0.12,0.07,0.12,0,8,9
6,Marc Albrighton,eng ENG,FWDF,Leicester City,31,1989,17,11,1132,12.6,1,2,3,1,0,0,3,0,0.5,0.5,2,2.5,21,26,56,0.08,0.16,0.24,0.08,0.24,0.04,0.16,0.2,0.04,0.2,15,14,19
7,Thiago Alcántara,es ESP,MF,Liverpool,30,1991,25,17,1534,17,1,4,5,1,0,0,2,0,1.9,1.9,2.3,4.2,24,214,45,0.06,0.23,0.29,0.06,0.29,0.11,0.14,0.25,0.11,0.25,20,26,29
8,Trent Alexander-Arnold,eng ENG,DF,Liverpool,22,1998,32,32,2853,31.7,2,12,14,2,0,0,2,0,2.4,2.4,12,14.4,53,267,201,0.06,0.38,0.44,0.06,0.44,0.07,0.38,0.46,0.07,0.46,19,43,23
9,Alisson,br BRA,GK,Liverpool,28,1992,36,36,3240,36,0,1,1,0,0,0,0,0,0,0,0.2,0.2,0,1,0,0,0.03,0.03,0,0.03,0,0.01,0.01,0,0.01,1,0,1
10,Allan,br BRA,MF,Everton,30,1991,28,25,2183,24.3,0,2,2,0,0,0,7,1,0.2,0.2,0.8,1.1,26,130,18,0,0.08,0.08,0,0.08,0.01,0.03,0.04,0.01,0.04,21,23,44
11,Dele Alli,eng ENG,MF,Tottenham,25,1996,10,8,657,7.3,1,0,1,0,1,1,1,0,1.6,0.8,0.3,1.1,8,18,22,0.14,0,0.14,0,0,0.22,0.04,0.26,0.11,0.15,12,6,8
12,Dele Alli,eng ENG,MFFW,Everton,25,1996,11,1,338,3.8,0,0,0,0,0,0,3,0,0.1,0.1,0.4,0.5,7,13,21,0,0,0,0,0,0.03,0.09,0.12,0.03,0.12,5,6,2
13,Miguel Almirón,py PAR,MFFW,Newcastle Utd,27,1994,30,19,1716,19.1,1,0,1,1,0,0,2,0,1.7,1.7,0.9,2.6,44,46,85,0.05,0,0.05,0.05,0.05,0.09,0.05,0.14,0.09,0.14,26,20,29
14,Marcos Alonso,es ESP,DF,Chelsea,30,1990,28,25,2167,24.1,4,4,8,4,0,0,8,0,2.8,2.8,4.5,7.3,51,93,192,0.17,0.17,0.33,0.17,0.33,0.12,0.19,0.3,0.12,0.3,15,43,29
15,Steven Alzate,co COL,MF,Brighton,22,1998,9,5,404,4.5,0,0,0,0,0,0,0,0,0.1,0.1,0.2,0.2,3,21,6,0,0,0,0,0,0.02,0.03,0.05,0.02,0.05,6,10,4
16,Daniel Amartey,gh GHA,DF,Leicester City,26,1994,28,23,2123,23.6,0,0,0,0,0,0,4,0,0,0,0.2,0.2,14,62,0,0,0,0,0,0,0,0.01,0.01,0,0.01,6,21,13
17,Joachim Andersen,dk DEN,DF,Crystal Palace,25,1996,34,32,2916,32.4,0,3,3,0,0,0,4,0,0.7,0.7,1.7,2.4,14,100,4,0,0.09,0.09,0,0.09,0.02,0.05,0.07,0.02,0.07,7,37,23
18,Michail Antonio,jm JAM,FW,West Ham,31,1990,36,34,2971,33,10,8,18,10,0,1,8,1,10.8,10.2,6,16.2,77,46,246,0.3,0.24,0.55,0.3,0.55,0.33,0.18,0.51,0.31,0.49,50,3,17
19,Cameron Archer,eng ENG,FWMF,Aston Villa,20,2001,3,0,27,0.3,0,0,0,0,0,0,0,0,0,0,0,0,0,0,1,0,0,0,0,0,0.15,0,0.15,0.15,0.15,0,0,0
20,Alphonse Areola,fr FRA,GK,West Ham,28,1993,1,1,90,1,0,0,0,0,0,0,0,0,0,0,0,0,0,0,0,0,0,0,0,0,0,0,0,0,0,0,0,0
21,Adam Armstrong,eng ENG,FW,Southampton,24,1997,23,17,1413,15.7,2,2,4,2,0,0,1,0,4.5,4.5,1.6,6.2,39,30,105,0.13,0.13,0.25,0.13,0.25,0.29,0.1,0.39,0.29,0.39,16,3,4
22,Stuart Armstrong,sct SCO,MF,Southampton,29,1992,25,15,1473,16.4,2,0,2,2,0,0,1,0,2.5,2.5,1.5,4,63,83,78,0.12,0,0.12,0.12,0.12,0.15,0.09,0.24,0.15,0.24,27,8,19
23,Kepa Arrizabalaga,es ESP,GK,Chelsea,26,1994,4,4,360,4,0,0,0,0,0,0,0,0,0,0,0,0,0,0,0,0,0,0,0,0,0,0,0,0,0,0,0,0
24,Harrison Ashby,sct SCO,DF,West Ham,19,2001,1,0,7,0.1,0,0,0,0,0,0,0,0,0,0,0,0,0,0,0,0,0,0,0,0,0,0,0,0,0,0,1,0
25,Pierre-Emerick Aubameyang,ga GAB,FW,Arsenal,32,1989,14,12,1037,11.5,4,1,5,4,0,2,3,0,5.9,4.2,1,5.2,21,26,47,0.35,0.09,0.43,0.35,0.43,0.51,0.09,0.6,0.36,0.45,2,0,5
26,Jordan Ayew,gh GHA,FW,Crystal Palace,29,1991,31,23,2019,22.4,3,3,6,3,0,0,2,0,3.1,3.1,2.8,5.9,98,51,151,0.13,0.13,0.27,0.13,0.27,0.14,0.12,0.26,0.14,0.26,34,15,30
27,Luke Ayling,eng ENG,DF,Leeds United,29,1991,26,26,2272,25.2,2,2,4,2,0,0,4,1,1.2,1.2,1.8,3.1,45,135,51,0.08,0.08,0.16,0.08,0.16,0.05,0.07,0.12,0.05,0.12,23,28,42
28,César Azpilicueta,es ESP,DF,Chelsea,31,1989,27,24,2070,23,1,2,3,1,0,0,3,0,0.9,0.9,1.8,2.6,49,138,132,0.04,0.09,0.13,0.04,0.13,0.04,0.08,0.11,0.04,0.11,15,23,28
29,Daniel Bachmann,at AUT,GK,Watford,27,1994,12,12,1080,12,0,0,0,0,0,0,0,0,0,0,0,0,0,0,0,0,0,0,0,0,0,0,0,0,0,1,1,0
30,Leon Bailey,jm JAM,FWMF,Aston Villa,23,1997,18,7,761,8.5,1,2,3,1,0,0,3,0,1.5,1.5,0.8,2.3,34,24,61,0.12,0.24,0.35,0.12,0.35,0.18,0.09,0.27,0.18,0.27,13,1,11
31,Eric Bailly,ci CIV,DF,Manchester Utd,27,1994,4,3,217,2.4,0,0,0,0,0,0,1,0,0,0,0,0,1,5,0,0,0,0,0,0,0,0,0,0,0,0,3,4
32,Folarin Balogun,eng ENG,FW,Arsenal,20,2001,2,1,70,0.8,0,0,0,0,0,0,0,0,0.2,0.2,0,0.2,0,0,4,0,0,0,0,0,0.29,0,0.29,0.29,0.29,0,0,1
33,Patrick Bamford,eng ENG,FW,Leeds United,27,1993,9,7,559,6.2,2,2,4,2,0,0,2,0,3,3,1.1,4,8,12,24,0.32,0.32,0.64,0.32,0.64,0.48,0.17,0.65,0.48,0.65,4,2,0
34,Shandon Baptiste,gd GRN,MF,Brentford,23,1998,22,9,910,10.1,1,0,1,1,0,0,2,1,0.7,0.7,0.5,1.3,14,35,29,0.1,0,0.1,0.1,0.1,0.07,0.05,0.12,0.07,0.12,19,11,4
35,Ross Barkley,eng ENG,MFFW,Chelsea,27,1993,6,1,179,2,1,0,1,1,0,0,0,0,1,1,0.5,1.5,14,14,17,0.5,0,0.5,0.5,0.5,0.49,0.24,0.73,0.49,0.73,7,1,0
36,Ashley Barnes,eng ENG,FW,Burnley,31,1989,23,8,808,9,1,0,1,0,1,1,4,0,2.1,1.4,0.9,2.2,5,17,47,0.11,0,0.11,0,0,0.24,0.1,0.33,0.15,0.25,5,2,2
37,Harvey Barnes,eng ENG,FWMF,Leicester City,23,1997,32,24,2101,23.3,6,10,16,6,0,0,2,0,5.6,5.6,4.6,10.2,107,59,237,0.26,0.43,0.69,0.26,0.69,0.24,0.2,0.44,0.24,0.44,31,5,16
38,Lewis Bate,eng ENG,MF,Leeds United,18,2002,3,1,146,1.6,0,0,0,0,0,0,0,0,0,0,0,0,0,6,1,0,0,0,0,0,0.01,0,0.01,0.01,0.01,1,1,0
39,Mads Bech Sørensen,dk DEN,DF,Brentford,22,1999,11,9,835,9.3,0,0,0,0,0,0,3,0,0.1,0.1,0.4,0.4,9,20,4,0,0,0,0,0,0.01,0.04,0.05,0.01,0.05,0,6,7
40,Jan Bednarek,pl POL,DF,Southampton,25,1996,31,30,2629,29.2,4,0,4,4,0,0,10,0,2.2,2.2,0.4,2.6,0,61,5,0.14,0,0.14,0.14,0.14,0.08,0.01,0.09,0.08,0.09,1,72,15
41,Donny van de Beek,nl NED,MF,Manchester Utd,24,1997,8,0,75,0.8,1,0,1,1,0,0,0,0,0.5,0.5,0.4,0.9,0,4,4,1.2,0,1.2,1.2,1.2,0.57,0.47,1.04,0.57,1.04,1,2,4
42,Donny van de Beek,nl NED,MF,Everton,24,1997,7,5,483,5.4,1,0,1,1,0,0,1,0,1.1,1.1,0.1,1.1,3,20,10,0.19,0,0.19,0.19,0.19,0.2,0.01,0.21,0.2,0.21,3,6,7
43,Asmir Begović,ba BIH,GK,Everton,34,1987,3,3,270,3,0,0,0,0,0,0,0,0,0,0,0,0,0,0,0,0,0,0,0,0,0,0,0,0,0,0,0,0
44,Saïd Benrahma,dz ALG,FWMF,West Ham,25,1995,32,26,2168,24.1,8,6,14,8,0,0,0,0,4.8,4.8,3.7,8.5,73,73,222,0.33,0.25,0.58,0.33,0.58,0.2,0.15,0.35,0.2,0.35,37,9,17
45,Rodrigo Bentancur,uy URU,MF,Tottenham,24,1997,17,16,1361,15.1,0,4,4,0,0,0,5,0,0.8,0.8,2.6,3.4,20,76,11,0,0.26,0.26,0,0.26,0.05,0.17,0.23,0.05,0.23,14,20,18
46,Christian Benteke,be BEL,FW,Crystal Palace,30,1990,25,11,1145,12.7,4,1,5,4,0,0,3,0,4.9,4.9,1.3,6.2,15,24,79,0.31,0.08,0.39,0.31,0.39,0.38,0.1,0.49,0.38,0.49,9,2,2
47,Jóhann Berg Guðmundsson,is ISL,MF,Burnley,30,1990,18,13,1102,12.2,0,1,1,0,0,0,2,0,1.6,1.6,0.5,2,27,16,75,0,0.08,0.08,0,0.08,0.13,0.04,0.17,0.13,0.17,14,12,6
48,Steven Bergwijn,nl NED,FWMF,Tottenham,23,1997,25,4,565,6.3,3,1,4,3,0,0,1,0,2.5,2.5,0.9,3.5,26,17,53,0.48,0.16,0.64,0.48,0.64,0.4,0.15,0.55,0.4,0.55,10,1,2
49,Ryan Bertrand,eng ENG,DF,Leicester City,31,1989,4,4,337,3.7,0,0,0,0,0,0,1,0,0,0,0,0,2,17,8,0,0,0,0,0,0,0,0,0,0,0,1,5
50,Mads Bidstrup,dk DEN,MF,Brentford,20,2001,4,0,41,0.5,0,0,0,0,0,0,0,0,0,0,0,0,0,0,0,0,0,0,0,0,0,0,0,0,0,0,1,0
51,Yves Bissouma,ml MLI,MF,Brighton,24,1996,26,25,2111,23.5,1,2,3,1,0,0,10,0,0.9,0.9,0.8,1.7,40,92,16,0.04,0.09,0.13,0.04,0.13,0.04,0.03,0.07,0.04,0.07,34,50,49
52,Willy Boly,ci CIV,DF,Wolves,30,1991,10,10,900,10,0,0,0,0,0,0,1,0,0.2,0.2,0.1,0.2,6,20,0,0,0,0,0,0,0.02,0.01,0.02,0.02,0.02,3,14,19
53,Jarrod Bowen,eng ENG,FW,West Ham,24,1996,36,34,2983,33.1,12,10,22,12,0,0,6,0,11.9,11.9,6.1,18,74,66,204,0.36,0.3,0.66,0.36,0.66,0.36,0.18,0.54,0.36,0.54,50,21,20
54,Jarrad Branthwaite,eng ENG,DF,Everton,19,2002,6,4,388,4.3,1,0,1,1,0,0,0,1,0.5,0.5,0,0.5,1,12,0,0.23,0,0.23,0.23,0.23,0.12,0,0.12,0.12,0.12,1,1,1
55,Armando Broja,al ALB,FW,Southampton,19,2001,32,21,1975,21.9,6,0,6,6,0,0,2,0,5.9,5.9,1,6.9,56,29,114,0.27,0,0.27,0.27,0.27,0.27,0.05,0.32,0.27,0.32,33,3,5
56,Josh Brownhill,eng ENG,MF,Burnley,25,1995,35,32,2955,32.8,2,3,5,2,0,0,10,0,1.4,1.4,2.6,3.9,18,106,37,0.06,0.09,0.15,0.06,0.15,0.04,0.08,0.12,0.04,0.12,15,68,37
57,Lewis Brunt,eng ENG,MF,Leicester City,20,2000,1,0,24,0.3,0,0,0,0,0,0,0,0,0,0,0,0,1,2,2,0,0,0,0,0,0,0,0,0,0,1,0,0
58,Bryan,es ESP,FWMF,Tottenham,20,2001,9,0,94,1,0,0,0,0,0,0,0,0,0.1,0.1,0.1,0.2,6,7,17,0,0,0,0,0,0.06,0.11,0.17,0.06,0.17,4,0,0
59,Emi Buendía,ar ARG,MFFW,Aston Villa,24,1996,35,22,1899,21.1,4,6,10,4,0,0,1,0,3.4,3.4,5.8,9.1,40,117,84,0.19,0.28,0.47,0.19,0.47,0.16,0.27,0.43,0.16,0.43,40,9,18
60,Dan Burn,eng ENG,DF,Newcastle Utd,29,1992,16,16,1440,16,0,1,1,0,0,0,4,0,0.7,0.7,0.4,1.1,6,31,2,0,0.06,0.06,0,0.06,0.04,0.03,0.07,0.04,0.07,0,20,11
61,Dan Burn,eng ENG,DF,Brighton,29,1992,13,12,1022,11.4,1,0,1,1,0,0,4,0,1.6,1.5,0.5,2,9,50,3,0.09,0,0.09,0.09,0.09,0.14,0.04,0.18,0.13,0.17,0,24,12
62,Jack Butland,eng ENG,GK,Crystal Palace,28,1993,9,8,765,8.5,0,0,0,0,0,0,0,0,0,0,0,0,0,0,0,0,0,0,0,0,0,0,0,0,0,0,0,0
63,Sam Byram,eng ENG,DF,Norwich City,27,1993,15,11,1027,11.4,0,0,0,0,0,0,3,0,0.6,0.6,0.2,0.9,11,23,16,0,0,0,0,0,0.06,0.02,0.08,0.06,0.08,3,22,15
64,Willy Caballero,ar ARG,GK,Southampton,39,1981,2,2,180,2,0,0,0,0,0,0,1,0,0,0,0,0,0,0,0,0,0,0,0,0,0,0,0,0,0,0,0,0
65,Moisés Caicedo,ec ECU,MF,Brighton,19,2001,8,8,660,7.3,1,1,2,1,0,0,2,0,0.8,0.8,0.3,1.1,9,22,8,0.14,0.14,0.27,0.14,0.27,0.11,0.04,0.16,0.11,0.16,7,10,10
66,Dominic Calvert-Lewin,eng ENG,FW,Everton,24,1997,17,15,1283,14.3,5,2,7,3,2,3,2,0,6.5,4.2,1.6,5.7,9,17,50,0.35,0.14,0.49,0.21,0.35,0.46,0.11,0.57,0.29,0.4,2,3,8
67,Chem Campbell,wls WAL,MF,Wolves,18,2002,1,0,13,0.1,0,0,0,0,0,0,0,0,0,0,0,0,0,0,4,0,0,0,0,0,0,0,0,0,0,0,0,1
68,João Cancelo,pt POR,DF,Manchester City,27,1994,36,36,3227,35.9,1,7,8,1,0,0,7,0,4,4,5.4,9.3,125,357,270,0.03,0.2,0.22,0.03,0.22,0.11,0.15,0.26,0.11,0.26,56,59,54
69,Sergi Canós,es ESP,DFFW,Brentford,24,1997,31,25,2083,23.1,3,2,5,3,0,0,8,1,3,3,1.7,4.6,52,59,100,0.13,0.09,0.22,0.13,0.22,0.13,0.07,0.2,0.13,0.2,23,22,25
70,Todd Cantwell,eng ENG,FWMF,Norwich City,23,1998,8,5,441,4.9,0,0,0,0,0,0,2,0,0.1,0.1,0.1,0.3,2,10,17,0,0,0,0,0,0.03,0.03,0.06,0.03,0.06,5,3,13
71,Matty Cash,pl POL,DF,Aston Villa,23,1997,38,38,3377,37.5,4,3,7,4,0,0,8,0,2.7,2.7,2.8,5.4,89,96,174,0.11,0.08,0.19,0.11,0.19,0.07,0.07,0.14,0.07,0.14,33,49,50
72,Timothy Castagne,be BEL,DF,Leicester City,25,1995,27,22,2127,23.6,1,0,1,1,0,0,1,0,0.7,0.7,1.5,2.2,32,72,115,0.04,0,0.04,0.04,0.04,0.03,0.06,0.09,0.03,0.09,6,29,31
73,Jonny Castro,es ESP,DF,Wolves,27,1994,13,10,1024,11.4,2,0,2,2,0,0,1,0,1,1,1.3,2.3,25,35,56,0.18,0,0.18,0.18,0.18,0.09,0.12,0.21,0.09,0.21,14,13,15
74,Craig Cathcart,nir NIR,DF,Watford,32,1989,31,27,2396,26.6,0,1,1,0,0,0,3,0,0.2,0.2,1.2,1.4,6,52,0,0,0.04,0.04,0,0.04,0.01,0.05,0.05,0.01,0.05,0,28,15
75,Edinson Cavani,uy URU,FW,Manchester Utd,34,1987,15,7,766,8.5,2,1,3,2,0,0,0,0,3.4,3.4,1.2,4.7,2,9,32,0.23,0.12,0.35,0.23,0.35,0.4,0.14,0.55,0.4,0.55,4,2,1
76,Kayky Chagas,br BRA,FW,Manchester City,18,2003,1,0,7,0.1,0,0,0,0,0,0,0,0,0,0,0,0,1,0,1,0,0,0,0,0,0,0,0,0,0,0,0,0
77,Trevoh Chalobah,eng ENG,DF,Chelsea,22,1999,20,17,1449,16.1,3,1,4,3,0,0,2,0,1.1,1.1,0.3,1.4,24,88,14,0.19,0.06,0.25,0.19,0.25,0.07,0.02,0.09,0.07,0.09,10,19,27
78,Calum Chambers,eng ENG,DF,Arsenal,26,1995,2,2,170,1.9,0,0,0,0,0,0,0,0,0.1,0.1,0.1,0.2,0,7,5,0,0,0,0,0,0.04,0.05,0.08,0.04,0.08,0,0,3
79,Calum Chambers,eng ENG,DF,Aston Villa,26,1995,11,9,831,9.2,1,0,1,1,0,0,1,0,0.2,0.2,0.1,0.3,3,31,1,0.11,0,0.11,0.11,0.11,0.02,0.01,0.03,0.02,0.03,0,5,8
80,Daniel Chesters,eng ENG,MF,West Ham,19,2002,1,0,1,0,0,0,0,0,0,0,0,0,0,0,0,0,0,0,0,0,0,0,0,0,0,0,0,0,0,0,0,0
81,Ben Chilwell,eng ENG,DF,Chelsea,24,1996,7,6,542,6,3,1,4,3,0,0,0,0,0.9,0.9,0.8,1.7,14,18,46,0.5,0.17,0.66,0.5,0.66,0.15,0.13,0.28,0.15,0.28,3,4,3
82,Chiquinho,pt POR,DFFW,Wolves,21,2000,8,1,208,2.3,0,3,3,0,0,0,0,0,0.6,0.6,0.7,1.3,10,7,35,0,1.3,1.3,0,1.3,0.26,0.3,0.56,0.26,0.56,10,2,6
83,Hamza Choudhury,eng ENG,DFMF,Leicester City,23,1997,6,4,285,3.2,0,0,0,0,0,0,1,0,0,0,0,0,0,5,1,0,0,0,0,0,0.01,0,0.01,0.01,0.01,2,12,3
84,Andreas Christensen,dk DEN,DF,Chelsea,25,1996,19,17,1496,16.6,0,0,0,0,0,0,2,0,0.6,0.6,0.2,0.8,14,81,5,0,0,0,0,0,0.04,0.01,0.05,0.04,0.05,4,29,8
85,Carney Chukwuemeka,eng ENG,MFFW,Aston Villa,17,2003,12,2,301,3.3,0,1,1,0,0,0,0,0,0.6,0.6,1,1.6,9,7,14,0,0.3,0.3,0,0.3,0.19,0.28,0.47,0.19,0.47,6,1,1
86,Ciaran Clark,ie IRL,DF,Newcastle Utd,31,1989,13,12,1014,11.3,0,1,1,0,0,0,2,1,1.1,1.1,0.3,1.4,2,17,6,0,0.09,0.09,0,0.09,0.1,0.03,0.12,0.1,0.12,4,13,10
87,Tom Cleverley,eng ENG,MF,Watford,31,1989,28,20,1616,18,0,2,2,0,0,0,2,0,0.7,0.7,2.1,2.8,8,64,40,0,0.11,0.11,0,0.11,0.04,0.12,0.15,0.04,0.15,3,18,20
88,Nathaniel Clyne,eng ENG,DF,Crystal Palace,30,1991,16,15,1351,15,0,1,1,0,0,0,1,0,0.1,0.1,0.4,0.5,14,36,25,0,0.07,0.07,0,0.07,0.01,0.03,0.04,0.01,0.04,4,15,10
89,Conor Coady,eng ENG,DF,Wolves,28,1993,38,38,3361,37.3,4,0,4,4,0,0,4,0,2.8,2.8,0.1,2.8,6,35,3,0.11,0,0.11,0.11,0.11,0.07,0,0.08,0.07,0.08,1,28,14
90,Séamus Coleman,ie IRL,DF,Everton,32,1988,30,30,2656,29.5,1,0,1,1,0,0,4,0,1.2,1.2,0.8,2,40,96,77,0.03,0,0.03,0.03,0.03,0.04,0.03,0.07,0.04,0.07,34,32,36
91,Nathan Collins,ie IRL,DF,Burnley,20,2001,19,18,1670,18.6,2,0,2,2,0,0,2,1,1.5,1.5,1.5,3,7,44,8,0.11,0,0.11,0.11,0.11,0.08,0.08,0.16,0.08,0.16,5,24,15
92,Aaron Connolly,ie IRL,FWMF,Brighton,21,2000,4,1,156,1.7,0,0,0,0,0,0,0,0,0.4,0.4,0.1,0.5,3,1,7,0,0,0,0,0,0.21,0.06,0.26,0.21,0.26,0,0,0
93,Liam Cooper,sct SCO,DF,Leeds United,29,1991,21,21,1814,20.2,0,1,1,0,0,0,5,0,0.4,0.4,0.1,0.5,7,46,2,0,0.05,0.05,0,0.05,0.02,0.01,0.02,0.02,0.02,3,43,23
94,Jack Cork,eng ENG,MF,Burnley,32,1989,20,20,1670,18.6,1,0,1,1,0,0,4,0,0.7,0.7,0.3,1,12,46,12,0.05,0,0.05,0.05,0.05,0.04,0.02,0.05,0.04,0.05,7,17,6
95,Maxwel Cornet,ci CIV,FWMF,Burnley,24,1996,26,21,1766,19.6,9,1,10,9,0,1,2,0,6.7,5.9,1.7,7.7,28,30,125,0.46,0.05,0.51,0.46,0.51,0.34,0.09,0.43,0.3,0.39,13,10,9
96,Hélder Costa,ao ANG,MF,Leeds United,27,1994,1,0,22,0.2,0,0,0,0,0,0,0,0,0,0,0,0,0,0,2,0,0,0,0,0,0.03,0,0.03,0.03,0.03,0,0,0
97,Vladimír Coufal,cz CZE,DF,West Ham,28,1992,28,25,2209,24.5,0,4,4,0,0,0,5,1,0.8,0.8,2.1,2.9,51,113,119,0,0.16,0.16,0,0.16,0.03,0.08,0.12,0.03,0.12,15,22,25
98,Philippe Coutinho,br BRA,MFFW,Aston Villa,29,1992,19,16,1329,14.8,5,3,8,5,0,0,0,0,3.8,3.8,2.9,6.7,48,94,62,0.34,0.2,0.54,0.34,0.54,0.25,0.2,0.45,0.25,0.45,21,7,12
99,Aaron Cresswell,eng ENG,DF,West Ham,31,1989,31,31,2726,30.3,2,3,5,2,0,0,3,0,1.1,1.1,3.2,4.2,54,186,99,0.07,0.1,0.17,0.07,0.17,0.04,0.1,0.14,0.04,0.14,8,35,18
100,Charlie Cresswell,eng ENG,DF,Leeds United,18,2002,5,1,141,1.6,0,0,0,0,0,0,1,0,0.1,0.1,0,0.1,1,4,0,0,0,0,0,0,0.05,0,0.05,0.05,0.05,0,2,2
101,Cucho,co COL,FWMF,Watford,22,1999,25,11,1147,12.7,5,2,7,5,0,0,3,0,2.5,2.5,1.9,4.3,22,39,85,0.39,0.16,0.55,0.39,0.55,0.19,0.15,0.34,0.19,0.34,18,5,5
102,Marc Cucurella,es ESP,DF,Brighton,23,1998,35,35,3089,34.3,1,1,2,1,0,0,6,0,0.7,0.7,2.7,3.4,104,191,208,0.03,0.03,0.06,0.03,0.06,0.02,0.08,0.1,0.02,0.1,28,30,62
103,Luke Cundle,eng ENG,MF,Wolves,19,2002,4,2,180,2,0,0,0,0,0,0,0,0,0,0,0.2,0.2,3,9,3,0,0,0,0,0,0,0.12,0.12,0,0.12,0,1,3
104,Patson Daka,zm ZAM,FW,Leicester City,22,1998,23,13,1159,12.9,5,3,8,5,0,0,2,0,4.2,4.2,2,6.1,10,17,66,0.39,0.23,0.62,0.39,0.62,0.32,0.15,0.48,0.32,0.48,3,2,10
105,Stuart Dallas,nir NIR,DFMF,Leeds United,30,1991,34,34,2919,32.4,1,1,2,1,0,0,5,0,1.9,1.9,2.3,4.1,82,170,79,0.03,0.03,0.06,0.03,0.06,0.06,0.07,0.13,0.06,0.13,29,57,55
106,Diogo Dalot,pt POR,DF,Manchester Utd,22,1999,24,19,1801,20,0,0,0,0,0,0,4,0,0.6,0.6,1.2,1.7,53,105,75,0,0,0,0,0,0.03,0.06,0.09,0.03,0.09,17,29,41
107,Karl Darlow,eng ENG,GK,Newcastle Utd,30,1990,8,8,720,8,0,0,0,0,0,0,1,0,0,0,0,0,0,0,0,0,0,0,0,0,0,0,0,0,0,0,0,0
108,Josh Dasilva,eng ENG,MFFW,Brentford,22,1998,9,2,257,2.9,0,0,0,0,0,0,0,1,0.1,0.1,0.1,0.2,10,11,10,0,0,0,0,0,0.03,0.05,0.08,0.03,0.08,7,1,1
109,Ben Davies,wls WAL,DF,Tottenham,28,1993,29,28,2538,28.2,1,1,2,1,0,0,6,0,2.3,2.3,0.5,2.9,62,137,60,0.04,0.04,0.07,0.04,0.07,0.08,0.02,0.1,0.08,0.1,7,30,21
110,Tom Davies,eng ENG,MF,Everton,23,1998,6,2,234,2.6,1,0,1,1,0,0,1,0,0.8,0.8,0,0.8,1,7,3,0.38,0,0.38,0.38,0.38,0.32,0,0.32,0.32,0.32,2,2,1
111,Keinan Davis,eng ENG,FW,Aston Villa,23,1998,1,0,12,0.1,0,0,0,0,0,0,0,0,0,0,0,0,0,0,1,0,0,0,0,0,0,0,0,0,0,0,0,0
112,Craig Dawson,eng ENG,DF,West Ham,31,1990,34,30,2754,30.6,2,2,4,2,0,0,5,1,3,3,1,4,4,54,3,0.07,0.07,0.13,0.07,0.13,0.1,0.03,0.13,0.1,0.13,4,29,17
113,Kevin De Bruyne,be BEL,MF,Manchester City,30,1991,30,25,2201,24.5,15,8,23,15,0,0,2,0,5.7,5.7,10.4,16.1,84,204,175,0.61,0.33,0.94,0.61,0.94,0.23,0.42,0.66,0.23,0.66,31,6,16
114,Troy Deeney,eng ENG,FW,Watford,33,1988,2,0,25,0.3,0,0,0,0,0,0,0,0,0.1,0.1,0.1,0.1,0,1,5,0,0,0,0,0,0.28,0.25,0.54,0.28,0.54,0,0,0
115,Liam Delap,eng ENG,FW,Manchester City,18,2003,1,0,10,0.1,0,0,0,0,0,0,0,0,0,0,0,0,0,1,0,0,0,0,0,0,0,0,0,0,0,0,0,0
116,Fabian Delph,eng ENG,MF,Everton,31,1989,11,8,662,7.4,0,0,0,0,0,0,2,0,0,0,0.1,0.1,2,34,3,0,0,0,0,0,0,0.01,0.01,0,0.01,5,14,15
117,Leander Dendoncker,be BEL,MF,Wolves,26,1995,30,21,1950,21.7,2,2,4,2,0,0,4,0,2.2,2.2,1.1,3.3,9,64,45,0.09,0.09,0.18,0.09,0.18,0.1,0.05,0.15,0.1,0.15,5,9,17
118,Emmanuel Dennis,ng NGA,FWMF,Watford,23,1997,33,30,2581,28.7,10,6,16,10,0,0,9,1,7.3,7.3,4.1,11.3,90,61,172,0.35,0.21,0.56,0.35,0.56,0.26,0.14,0.4,0.25,0.4,68,15,35
119,Kiernan Dewsbury-Hall,eng ENG,MF,Leicester City,22,1998,28,23,2105,23.4,1,2,3,1,0,0,4,0,1.2,1.2,2.7,3.9,82,132,98,0.04,0.09,0.13,0.04,0.13,0.05,0.12,0.17,0.05,0.17,30,21,24
120,Ibrahima Diallo,fr FRA,MF,Southampton,22,1999,23,10,1023,11.4,0,2,2,0,0,0,1,0,0.4,0.4,1,1.5,17,57,20,0,0.18,0.18,0,0.18,0.04,0.09,0.13,0.04,0.13,16,9,11
121,Rúben Dias,pt POR,DF,Manchester City,24,1997,29,27,2402,26.7,2,4,6,2,0,0,5,0,2.7,2.7,3.2,5.9,33,139,4,0.07,0.15,0.22,0.07,0.22,0.1,0.12,0.22,0.1,0.22,2,23,19
122,Luis Díaz,co COL,FW,Liverpool,24,1997,13,11,958,10.6,4,3,7,4,0,0,0,0,3.6,3.6,2.6,6.2,53,38,127,0.38,0.28,0.66,0.38,0.66,0.33,0.25,0.58,0.33,0.58,31,4,7
123,Eric Dier,eng ENG,DF,Tottenham,27,1994,35,35,3071,34.1,0,0,0,0,0,0,1,0,1.2,1.2,1.1,2.3,13,103,6,0,0,0,0,0,0.04,0.03,0.07,0.04,0.07,1,27,9
124,Lucas Digne,fr FRA,DF,Aston Villa,28,1993,16,16,1269,14.1,0,4,4,0,0,0,2,0,0.5,0.5,2.2,2.7,34,48,121,0,0.28,0.28,0,0.28,0.04,0.16,0.19,0.04,0.19,3,23,10
125,Lucas Digne,fr FRA,DF,Everton,28,1993,13,13,1170,13,0,0,0,0,0,0,4,0,0.3,0.3,1.4,1.8,25,49,47,0,0,0,0,0,0.03,0.11,0.14,0.03,0.14,8,14,19
126,Issa Diop,fr FRA,DF,West Ham,24,1997,13,10,963,10.7,0,1,1,0,0,0,0,0,0.1,0.1,0.4,0.5,4,14,1,0,0.09,0.09,0,0.09,0.01,0.04,0.05,0.01,0.05,0,7,8
127,Moussa Djenepo,ml MLI,MF,Southampton,23,1998,12,5,457,5.1,0,0,0,0,0,0,3,0,1.5,1.5,0.3,1.8,20,18,30,0,0,0,0,0,0.29,0.06,0.35,0.29,0.35,12,2,3
128,Lewis Dobbin,eng ENG,FWMF,Everton,18,2003,3,0,32,0.4,0,0,0,0,0,0,1,0,0,0,0,0,1,1,2,0,0,0,0,0,0,0,0,0,0,0,0,1
129,Matt Doherty,ie IRL,DF,Tottenham,29,1992,15,9,875,9.7,2,4,6,2,0,0,0,0,2.5,2.5,2,4.5,29,24,80,0.21,0.41,0.62,0.21,0.62,0.25,0.2,0.46,0.25,0.46,6,13,12
130,Gabriel Dos Santos,br BRA,DF,Arsenal,23,1997,35,35,3063,34,5,0,5,5,0,0,8,1,3.2,3.2,0.7,3.9,12,110,9,0.15,0,0.15,0.15,0.15,0.09,0.02,0.12,0.09,0.12,4,13,30
131,Abdoulaye Doucouré,ml MLI,MF,Everton,28,1993,30,29,2537,28.2,2,4,6,2,0,0,6,0,2.2,2.2,2,4.2,33,113,54,0.07,0.14,0.21,0.07,0.21,0.08,0.07,0.15,0.08,0.15,21,28,43
132,Kieran Dowell,eng ENG,FWMF,Norwich City,23,1997,19,11,912,10.1,1,1,2,1,0,0,0,0,1.1,1.1,1.5,2.6,14,31,49,0.1,0.1,0.2,0.1,0.2,0.1,0.15,0.26,0.1,0.26,7,7,7
133,Cody Drameh,eng ENG,DFMF,Leeds United,19,2001,3,1,128,1.4,0,0,0,0,0,0,1,0,0,0,0,0,3,6,3,0,0,0,0,0,0,0.02,0.02,0,0.02,2,1,2
134,Martin Dúbravka,sk SVK,GK,Newcastle Utd,32,1989,26,26,2340,26,0,0,0,0,0,0,1,0,0,0,0,0,0,0,0,0,0,0,0,0,0,0,0,0,0,0,0,1
135,Shane Duffy,ie IRL,DF,Brighton,29,1992,18,15,1436,16,1,0,1,1,0,0,7,0,1,1,0.2,1.2,3,41,3,0.06,0,0.06,0.06,0.06,0.06,0.01,0.07,0.06,0.07,1,16,12
136,Paul Dummett,wls WAL,DF,Newcastle Utd,29,1991,3,2,198,2.2,0,0,0,0,0,0,2,0,0,0,0,0,0,5,2,0,0,0,0,0,0,0,0,0,0,0,3,3
137,Lewis Dunk,eng ENG,DF,Brighton,29,1991,29,29,2573,28.6,1,0,1,1,0,0,3,1,1.3,1.3,0.4,1.8,14,83,3,0.03,0,0.03,0.03,0.03,0.05,0.01,0.06,0.05,0.06,4,27,8
138,Ederson,br BRA,GK,Manchester City,27,1993,37,37,3330,37,0,0,0,0,0,0,3,0,0,0,0,0,0,3,0,0,0,0,0,0,0,0,0,0,0,0,0,1
139,Odsonne Édouard,fr FRA,FW,Crystal Palace,23,1998,28,18,1564,17.4,6,3,9,5,1,1,4,0,6.4,5.6,1.9,7.5,42,42,109,0.35,0.17,0.52,0.29,0.46,0.37,0.11,0.48,0.32,0.43,30,0,10
140,CJ Egan-Riley,eng ENG,DF,Manchester City,18,2003,1,0,4,0,0,0,0,0,0,0,0,0,0,0,0,0,0,0,0,0,0,0,0,0,0,0,0,0,0,0,0,1
141,Anthony Elanga,se SWE,FW,Manchester Utd,19,2002,21,14,1214,13.5,2,2,4,2,0,0,0,0,2.6,2.6,2.4,5.1,32,18,114,0.15,0.15,0.3,0.15,0.3,0.19,0.18,0.37,0.19,0.37,11,9,20
142,Harvey Elliott,eng ENG,MF,Liverpool,18,2003,6,4,346,3.8,0,0,0,0,0,0,0,0,0.8,0.8,0.6,1.4,10,36,38,0,0,0,0,0,0.21,0.16,0.37,0.21,0.37,2,4,0
143,Mohamed Elneny,eg EGY,MF,Arsenal,29,1992,14,8,806,9,0,2,2,0,0,0,1,0,0.2,0.2,0.4,0.6,5,43,2,0,0.22,0.22,0,0.22,0.02,0.05,0.07,0.02,0.07,0,14,8
144,Mohamed Elyounoussi,no NOR,MFFW,Southampton,26,1994,30,23,2042,22.7,4,2,6,4,0,0,4,0,5.5,5.5,2.3,7.8,59,81,124,0.18,0.09,0.26,0.18,0.26,0.24,0.1,0.34,0.24,0.34,28,12,17
145,Emerson,br BRA,DFMF,Tottenham,22,1999,31,26,2286,25.4,1,1,2,1,0,0,5,0,1.5,1.5,2.2,3.6,68,68,175,0.04,0.04,0.08,0.04,0.08,0.06,0.09,0.14,0.06,0.14,17,22,47
146,Christian Eriksen,dk DEN,MF,Brentford,29,1992,11,10,939,10.4,1,4,5,1,0,0,1,0,1.3,1.3,3.5,4.8,21,82,22,0.1,0.38,0.48,0.1,0.48,0.12,0.34,0.46,0.12,0.46,8,9,6
147,Oghenekaro Etebo,ng NGA,MF,Watford,25,1995,9,4,401,4.5,0,0,0,0,0,0,3,0,0.1,0.1,0.1,0.2,3,16,1,0,0,0,0,0,0.01,0.02,0.03,0.01,0.03,6,5,8
148,Jonny Evans,nir NIR,DF,Leicester City,33,1988,18,16,1348,15,1,1,2,1,0,0,3,0,0.6,0.6,0.8,1.4,1,49,4,0.07,0.07,0.13,0.07,0.13,0.04,0.05,0.09,0.04,0.09,2,20,14
149,Eberechi Eze,eng ENG,MFFW,Crystal Palace,23,1998,13,6,605,6.7,1,1,2,1,0,0,1,0,0.4,0.4,0.9,1.3,20,33,38,0.15,0.15,0.3,0.15,0.3,0.07,0.13,0.2,0.07,0.2,14,5,6
150,Łukasz Fabiański,pl POL,GK,West Ham,36,1985,37,37,3330,37,0,0,0,0,0,0,2,0,0,0,0,0,0,0,0,0,0,0,0,0,0,0,0,0,0,0,0,0
151,Fabinho,br BRA,MF,Liverpool,27,1993,29,26,2314,25.7,5,1,6,3,2,2,7,0,3.9,2.4,1.3,3.7,18,134,37,0.19,0.04,0.23,0.12,0.16,0.15,0.05,0.2,0.09,0.14,11,39,25
152,Kiko Femenía,es ESP,DF,Watford,30,1991,27,26,2142,23.8,0,5,5,0,0,0,2,0,0.1,0.1,3.6,3.8,40,100,48,0,0.21,0.21,0,0.21,0,0.15,0.16,0,0.16,7,37,22
153,Evan Ferguson,ie IRL,MF,Brighton,16,2004,1,0,23,0.3,0,0,0,0,0,0,0,0,0,0,0,0,0,0,1,0,0,0,0,0,0,0,0,0,0,0,0,0
154,Nathan Ferguson,eng ENG,DF,Crystal Palace,20,2000,1,0,9,0.1,0,0,0,0,0,0,0,0,0,0,0,0,0,0,0,0,0,0,0,0,0,0,0,0,0,0,0,0
155,Bruno Fernandes,pt POR,MF,Manchester Utd,26,1994,36,35,3111,34.6,10,6,16,10,0,2,10,0,9.7,8.1,9,17.1,78,237,190,0.29,0.17,0.46,0.29,0.46,0.28,0.26,0.54,0.23,0.5,26,17,28
156,Álvaro Fernández,es ESP,GK,Brentford,23,1998,12,12,1080,12,0,0,0,0,0,0,0,0,0,0,0,0,0,1,0,0,0,0,0,0,0,0,0,0,0,0,0,0
157,Federico Fernández,ar ARG,DF,Newcastle Utd,32,1989,7,5,523,5.8,0,0,0,0,0,0,0,0,0.4,0.4,0.3,0.7,0,12,1,0,0,0,0,0,0.07,0.06,0.13,0.07,0.13,0,4,0
158,Fernandinho,br BRA,MFDF,Manchester City,36,1985,19,10,964,10.7,2,1,3,2,0,0,1,0,1.6,1.6,1,2.5,16,81,11,0.19,0.09,0.28,0.19,0.28,0.15,0.09,0.24,0.15,0.24,9,8,10
159,Roberto Firmino,br BRA,FW,Liverpool,29,1991,20,10,990,11,5,4,9,5,0,0,3,0,4.7,4.7,1.7,6.4,27,40,100,0.45,0.36,0.82,0.45,0.82,0.43,0.16,0.59,0.43,0.59,17,4,14
160,Junior Firpo,es ESP,DFMF,Leeds United,24,1996,24,19,1711,19,0,2,2,0,0,0,11,0,0.9,0.9,1.9,2.8,36,111,72,0,0.11,0.11,0,0.11,0.05,0.1,0.15,0.05,0.15,16,24,29
161,Ashley Fletcher,eng ENG,FW,Watford,25,1995,3,0,30,0.3,0,0,0,0,0,0,0,0,0.6,0.6,0,0.6,1,0,1,0,0,0,0,0,1.8,0,1.8,1.8,1.8,0,0,1
162,Phil Foden,eng ENG,FW,Manchester City,21,2000,28,24,2128,23.6,9,5,14,9,0,0,1,0,9.4,9.4,6.3,15.7,71,98,248,0.38,0.21,0.59,0.38,0.59,0.4,0.27,0.66,0.4,0.66,37,11,8
163,Wesley Fofana,fr FRA,DF,Leicester City,20,2000,7,7,630,7,0,0,0,0,0,0,2,0,0.4,0.4,0,0.4,10,28,1,0,0,0,0,0,0.06,0,0.06,0.06,0.06,3,12,8
164,Pablo Fornals,es ESP,FWMF,West Ham,25,1996,36,32,2795,31.1,6,3,9,6,0,0,4,0,4.6,4.6,6.3,10.9,49,191,200,0.19,0.1,0.29,0.19,0.29,0.15,0.2,0.35,0.15,0.35,23,27,28
165,Adam Forshaw,eng ENG,MF,Leeds United,29,1991,22,17,1530,17,0,1,1,0,0,0,5,0,0.5,0.5,1,1.5,19,80,26,0,0.06,0.06,0,0.06,0.03,0.06,0.09,0.03,0.09,12,19,23
166,Marcus Forss,fi FIN,FWMF,Brentford,22,1999,7,1,209,2.3,0,1,1,0,0,0,0,0,0.3,0.3,0.2,0.6,2,6,12,0,0.43,0.43,0,0.43,0.14,0.1,0.24,0.14,0.24,1,1,3
167,Fraser Forster,eng ENG,GK,Southampton,33,1988,19,19,1710,19,0,0,0,0,0,0,1,0,0,0,0,0,0,0,0,0,0,0,0,0,0,0,0,0,0,0,0,0
168,Ben Foster,eng ENG,GK,Watford,38,1983,26,26,2340,26,0,1,1,0,0,0,0,0,0,0,0.1,0.1,0,0,0,0,0.04,0.04,0,0.04,0,0,0,0,0,1,0,0
169,Tariqe Fosu,gh GHA,DF,Brentford,25,1995,1,0,17,0.2,0,0,0,0,0,0,0,0,0,0,0,0,3,1,4,0,0,0,0,0,0.22,0,0.22,0.22,0.22,0,0,0
170,Ryan Fraser,sct SCO,FWMF,Newcastle Utd,27,1994,27,18,1465,16.3,2,3,5,2,0,0,3,0,2.7,2.7,2.1,4.7,35,34,86,0.12,0.18,0.31,0.12,0.31,0.16,0.13,0.29,0.16,0.29,1,11,3
171,Fred,br BRA,MF,Manchester Utd,28,1993,28,24,2028,22.5,4,4,8,4,0,0,5,0,1.3,1.3,2.2,3.5,17,138,41,0.18,0.18,0.36,0.18,0.36,0.06,0.1,0.16,0.06,0.16,21,32,27
172,Ryan Fredericks,eng ENG,DF,West Ham,28,1992,7,3,307,3.4,0,0,0,0,0,0,1,0,0,0,0.1,0.1,4,6,14,0,0,0,0,0,0,0.04,0.04,0,0.04,0,4,2
173,Leo Fuhr Hjelde,no NOR,MFDF,Leeds United,17,2003,2,0,150,1.7,0,0,0,0,0,0,0,0,0,0,0,0,1,3,4,0,0,0,0,0,0,0.01,0.01,0,0.01,0,4,4
174,Conor Gallagher,eng ENG,MF,Crystal Palace,21,2000,34,33,2845,31.6,8,3,11,8,0,0,10,0,6.3,6.3,3.1,9.4,42,94,118,0.25,0.09,0.35,0.25,0.35,0.2,0.1,0.3,0.2,0.3,42,29,38
175,Alejandro Garnacho,es ESP,FWMF,Manchester Utd,17,2004,2,0,13,0.1,0,0,0,0,0,0,0,0,0,0,0,0,0,0,0,0,0,0,0,0,0,0,0,0,0,0,0,0
176,Dwight Gayle,eng ENG,FWDF,Newcastle Utd,30,1990,8,0,38,0.4,0,0,0,0,0,0,1,0,0.6,0.6,0.3,0.9,0,0,4,0,0,0,0,0,1.31,0.71,2.02,1.31,2.02,0,1,0
177,Jean-Philippe Gbamin,ci CIV,MF,Everton,25,1995,3,1,67,0.7,0,0,0,0,0,0,0,0,0,0,0,0,1,0,0,0,0,0,0,0,0,0,0,0,0,2,1,1
178,David de Gea,es ESP,GK,Manchester Utd,30,1990,38,38,3420,38,0,0,0,0,0,0,0,0,0,0,0,0,0,0,0,0,0,0,0,0,0,0,0,0,0,0,0,0
179,Joe Gelhardt,eng ENG,FWMF,Leeds United,19,2002,20,5,746,8.3,2,2,4,2,0,0,4,0,3,3,1.6,4.6,17,15,55,0.24,0.24,0.48,0.24,0.48,0.36,0.2,0.56,0.36,0.56,17,0,3
180,Anwar El Ghazi,nl NED,FWMF,Aston Villa,26,1995,9,4,386,4.3,1,1,2,0,1,1,2,0,1.1,0.3,0.4,0.7,13,5,38,0.23,0.23,0.47,0,0.23,0.25,0.1,0.35,0.06,0.16,4,1,4
181,Anwar El Ghazi,nl NED,FWMF,Everton,26,1995,2,0,13,0.1,0,0,0,0,0,0,0,0,0,0,0,0,2,0,2,0,0,0,0,0,0,0,0,0,0,0,0,1
182,Saman Ghoddos,ir IRN,MFDF,Brentford,27,1993,17,4,536,6,1,1,2,1,0,0,2,0,0.5,0.5,1.2,1.7,7,25,40,0.17,0.17,0.34,0.17,0.34,0.08,0.2,0.28,0.08,0.28,5,3,10
183,Dimitris Giannoulis,gr GRE,DF,Norwich City,25,1995,18,14,1169,13,0,1,1,0,0,0,2,0,0.1,0.1,0.6,0.7,33,40,58,0,0.08,0.08,0,0.08,0.01,0.05,0.06,0.01,0.06,29,19,21
184,Morgan Gibbs-White,eng ENG,DFFW,Wolves,21,2000,2,0,9,0.1,0,0,0,0,0,0,1,0,0.1,0.1,0,0.1,0,2,2,0,0,0,0,0,1.4,0,1.4,1.4,1.4,0,0,0
185,Ben Gibson,eng ENG,DF,Norwich City,28,1993,28,28,2494,27.7,0,0,0,0,0,0,5,1,1.4,1.4,0.2,1.5,11,68,0,0,0,0,0,0,0.05,0.01,0.05,0.05,0.05,5,27,16
186,Billy Gilmour,sct SCO,MF,Norwich City,20,2001,24,21,1855,20.6,0,1,1,0,0,0,2,0,0.9,0.9,1.4,2.3,30,112,17,0,0.05,0.05,0,0.05,0.04,0.07,0.11,0.04,0.11,15,17,21
187,Ben Godfrey,eng ENG,DF,Everton,23,1998,23,23,2029,22.5,0,0,0,0,0,0,6,0,1.4,1.4,0.8,2.2,23,67,26,0,0,0,0,0,0.06,0.03,0.1,0.06,0.1,9,15,32
188,André Gomes,pt POR,MF,Everton,28,1993,14,7,619,6.9,0,1,1,0,0,0,3,0,0.7,0.7,0.2,0.8,6,25,13,0,0.15,0.15,0,0.15,0.1,0.03,0.12,0.1,0.12,12,1,4
189,Toti Gomes,pt POR,DF,Wolves,22,1999,4,4,360,4,0,0,0,0,0,0,1,0,0,0,0,0,2,7,2,0,0,0,0,0,0.01,0,0.01,0.01,0.01,5,8,7
190,Joe Gomez,eng ENG,DF,Liverpool,24,1997,8,4,331,3.7,0,1,1,0,0,0,2,0,0,0,0.8,0.8,11,36,29,0,0.27,0.27,0,0.27,0.01,0.21,0.22,0.01,0.22,4,5,6
191,Charlie Goode,eng ENG,DF,Brentford,25,1995,6,4,450,5,0,0,0,0,0,0,3,0,0.1,0.1,1,1,5,18,9,0,0,0,0,0,0.01,0.19,0.2,0.01,0.2,5,2,5
192,Anthony Gordon,eng ENG,MFFW,Everton,20,2001,35,25,2285,25.4,4,2,6,4,0,0,4,0,3.5,3.5,3.8,7.3,74,51,137,0.16,0.08,0.24,0.16,0.24,0.14,0.15,0.29,0.14,0.29,38,22,32
193,Kaide Gordon,eng ENG,FW,Liverpool,16,2004,1,0,9,0.1,0,0,0,0,0,0,0,0,0.4,0.4,0,0.4,1,0,3,0,0,0,0,0,4.5,0,4.5,4.5,4.5,0,0,0
194,Dan Gosling,eng ENG,MF,Watford,31,1990,4,2,166,1.8,1,0,1,1,0,0,0,0,0.2,0.2,0,0.3,2,4,5,0.54,0,0.54,0.54,0.54,0.12,0.02,0.14,0.12,0.14,2,0,1
195,Demarai Gray,eng ENG,MFFW,Everton,25,1996,34,28,2338,26,5,4,9,5,0,0,3,0,4,4,3.6,7.6,93,59,169,0.19,0.15,0.35,0.19,0.35,0.15,0.14,0.29,0.15,0.29,55,15,19
196,Jack Grealish,eng ENG,FW,Manchester City,25,1995,26,22,1914,21.3,3,3,6,3,0,0,3,0,5.3,5.3,6,11.3,153,100,267,0.14,0.14,0.28,0.14,0.28,0.25,0.28,0.53,0.25,0.53,40,8,17
197,Mason Greenwood,eng ENG,FWMF,Manchester Utd,19,2001,18,16,1271,14.1,5,1,6,5,0,0,1,0,4.3,4.3,1.8,6.1,48,39,109,0.35,0.07,0.42,0.35,0.42,0.3,0.13,0.43,0.3,0.43,32,1,9
198,Sam Greenwood,eng ENG,MFFW,Leeds United,19,2002,7,1,237,2.6,0,2,2,0,0,0,0,0,0.3,0.3,0.2,0.5,3,5,10,0,0.76,0.76,0,0.76,0.11,0.09,0.2,0.11,0.2,2,2,5
199,Pascal Groß,de GER,MFDF,Brighton,30,1991,29,24,2038,22.6,2,4,6,2,0,1,1,0,2.9,2.1,5.5,7.7,39,149,141,0.09,0.18,0.26,0.09,0.26,0.13,0.24,0.37,0.09,0.34,9,18,15
200,Vicente Guaita,es ESP,GK,Crystal Palace,34,1987,30,30,2655,29.5,0,0,0,0,0,0,2,0,0,0,0,0,0,0,0,0,0,0,0,0,0,0,0,0,0,0,1,0
201,Marc Guéhi,eng ENG,DF,Crystal Palace,21,2000,36,36,3222,35.8,2,1,3,2,0,0,4,0,2.5,2.5,1.3,3.8,17,111,7,0.06,0.03,0.08,0.06,0.08,0.07,0.04,0.11,0.07,0.11,12,30,17
202,Bruno Guimarães,br BRA,MF,Newcastle Utd,23,1997,17,11,1034,11.5,5,1,6,5,0,0,4,0,3.1,3.1,1.1,4.2,18,54,15,0.44,0.09,0.52,0.44,0.52,0.27,0.1,0.37,0.27,0.37,22,9,23
203,İlkay Gündoğan,de GER,MF,Manchester City,30,1990,27,20,1857,20.6,8,4,12,8,0,0,1,0,9,9,4.9,13.9,60,126,107,0.39,0.19,0.58,0.39,0.58,0.44,0.24,0.67,0.44,0.67,24,15,9
204,Angus Gunn,sct SCO,GK,Norwich City,25,1996,9,9,810,9,0,0,0,0,0,0,0,0,0,0,0,0,0,0,0,0,0,0,0,0,0,0,0,0,0,0,0,0
205,Grant Hanley,sct SCO,DF,Norwich City,29,1991,33,33,2897,32.2,1,0,1,1,0,0,2,0,2.1,2.1,0.9,3,2,27,3,0.03,0,0.03,0.03,0.03,0.07,0.03,0.09,0.07,0.09,1,56,25
206,Jack Harrison,eng ENG,FWMF,Leeds United,24,1996,35,32,2639,29.3,8,1,9,8,0,0,3,0,4.4,4.4,3.2,7.6,120,89,234,0.27,0.03,0.31,0.27,0.31,0.15,0.11,0.26,0.15,0.26,54,21,37
207,Kortney Hause,eng ENG,DF,Aston Villa,26,1995,7,4,397,4.4,1,0,1,1,0,0,0,0,0.1,0.1,0,0.1,2,14,3,0.23,0,0.23,0.23,0.23,0.03,0,0.03,0.03,0.03,3,6,3
208,Kai Havertz,de GER,FWMF,Chelsea,22,1999,29,22,1809,20.1,8,3,11,8,0,0,3,0,8.7,8.7,2.2,10.9,64,62,203,0.4,0.15,0.55,0.4,0.55,0.43,0.11,0.54,0.43,0.54,18,4,8
209,Isaac Hayden,eng ENG,MFDF,Newcastle Utd,26,1995,14,12,1002,11.1,1,0,1,1,0,0,5,0,0.4,0.4,0,0.5,3,15,10,0.09,0,0.09,0.09,0.09,0.04,0,0.04,0.04,0.04,9,14,14
210,Hwang Hee-chan,kr KOR,FWMF,Wolves,25,1996,30,20,1816,20.2,5,1,6,5,0,0,2,0,4.4,4.4,1.3,5.8,66,57,114,0.25,0.05,0.3,0.25,0.3,0.22,0.07,0.29,0.22,0.29,33,13,13
211,Jordan Henderson,eng ENG,MF,Liverpool,31,1990,35,29,2597,28.9,2,5,7,2,0,0,3,0,1.5,1.5,3.5,5,54,245,116,0.07,0.17,0.24,0.07,0.24,0.05,0.12,0.17,0.05,0.17,16,23,20
212,Jeff Hendrick,ie IRL,MF,Newcastle Utd,29,1992,3,0,72,0.8,1,0,1,1,0,0,0,0,0.1,0.1,0,0.1,1,0,1,1.25,0,1.25,1.25,1.25,0.11,0.03,0.14,0.11,0.14,0,0,1
213,Wayne Hennessey,wls WAL,GK,Burnley,34,1987,2,2,180,2,0,0,0,0,0,0,0,0,0,0,0.2,0.2,0,0,0,0,0,0,0,0,0,0.09,0.09,0,0.09,0,1,0
214,Rico Henry,eng ENG,DF,Brentford,24,1997,34,33,2776,30.8,3,0,3,3,0,0,2,0,1.5,1.5,1.7,3.3,61,81,131,0.1,0,0.1,0.1,0.1,0.05,0.06,0.11,0.05,0.11,27,26,20
215,Son Heung-min,kr KOR,MFFW,Tottenham,29,1992,35,35,3006,33.4,23,7,30,23,0,0,2,0,15.9,15.9,7.5,23.4,116,90,242,0.69,0.21,0.9,0.69,0.9,0.48,0.22,0.7,0.48,0.7,51,13,6
216,Ki-Jana Hoever,nl NED,DFMF,Wolves,19,2002,8,4,308,3.4,0,0,0,0,0,0,1,0,0,0,0.1,0.1,9,5,22,0,0,0,0,0,0.01,0.02,0.03,0.01,0.03,4,6,6
217,Rob Holding,eng ENG,DF,Arsenal,25,1995,15,9,845,9.4,1,0,1,1,0,0,4,1,0.4,0.4,0,0.4,4,23,0,0.11,0,0.11,0.11,0.11,0.04,0,0.04,0.04,0.04,0,10,9
218,Mason Holgate,eng ENG,DF,Everton,24,1996,25,23,2134,23.7,2,1,3,2,0,0,7,1,1.3,1.3,0.1,1.4,4,40,2,0.08,0.04,0.13,0.08,0.13,0.06,0,0.06,0.06,0.06,2,26,18
219,Callum Hudson-Odoi,eng ENG,MFFW,Chelsea,20,2000,15,11,962,10.7,1,2,3,1,0,0,1,0,2.5,2.5,2.1,4.6,67,41,102,0.09,0.19,0.28,0.09,0.28,0.23,0.2,0.43,0.23,0.43,16,2,10
220,Will Hughes,eng ENG,MF,Crystal Palace,26,1995,16,13,1053,11.7,0,1,1,0,0,0,6,0,0.1,0.1,0.6,0.8,5,38,7,0,0.09,0.09,0,0.09,0.01,0.05,0.06,0.01,0.06,8,8,14
221,Pierre Højbjerg,dk DEN,MF,Tottenham,25,1995,36,36,3196,35.5,2,2,4,2,0,0,3,0,1.9,1.9,2.3,4.2,46,242,47,0.06,0.06,0.11,0.06,0.11,0.05,0.06,0.12,0.05,0.12,42,48,45
222,Adam Idah,ie IRL,FWMF,Norwich City,20,2001,17,6,625,6.9,1,1,2,1,0,0,0,0,2.3,2.3,0.6,2.9,11,10,48,0.14,0.14,0.29,0.14,0.29,0.33,0.09,0.42,0.33,0.42,12,3,6
223,Kelechi Iheanacho,ng NGA,FW,Leicester City,24,1996,26,13,1264,14,4,5,9,4,0,0,1,0,3.6,3.6,2.5,6.1,28,37,85,0.28,0.36,0.64,0.28,0.64,0.26,0.18,0.43,0.26,0.43,16,4,7
224,Danny Ings,eng ENG,FW,Aston Villa,29,1992,30,22,1898,21.1,7,6,13,6,1,1,4,0,7.1,6.3,1.6,8,24,39,117,0.33,0.28,0.62,0.28,0.57,0.34,0.08,0.41,0.3,0.38,10,6,16
225,Tim Iroegbunam,eng ENG,MF,Aston Villa,18,2003,3,1,92,1,0,0,0,0,0,0,1,0,0.1,0.1,0,0.1,1,4,0,0,0,0,0,0,0.11,0,0.11,0.11,0.11,0,2,4
226,Alex Iwobi,ng NGA,MFDF,Everton,25,1996,28,22,2035,22.6,2,2,4,2,0,0,1,0,2.3,2.3,2.6,4.9,44,103,104,0.09,0.09,0.18,0.09,0.18,0.1,0.12,0.22,0.1,0.22,32,20,19
227,Daniel James,wls WAL,FW,Manchester Utd,23,1997,2,2,126,1.4,0,0,0,0,0,0,0,0,0.2,0.2,0.3,0.6,5,3,16,0,0,0,0,0,0.18,0.24,0.42,0.18,0.42,0,0,1
228,Daniel James,wls WAL,FWMF,Leeds United,23,1997,32,29,2366,26.3,4,4,8,4,0,0,7,1,6.1,6.1,2.9,8.9,69,57,186,0.15,0.15,0.3,0.15,0.3,0.23,0.11,0.34,0.23,0.34,21,8,14
229,Reece James,eng ENG,DF,Chelsea,21,1999,26,22,1864,20.7,5,9,14,5,0,0,4,1,3.1,3.1,5.9,9.1,52,149,203,0.24,0.43,0.68,0.24,0.68,0.15,0.29,0.44,0.15,0.44,36,17,25
230,Vitaly Janelt,de GER,MF,Brentford,23,1998,31,27,2298,25.5,4,0,4,4,0,0,3,0,2.4,2.4,1.9,4.2,25,103,60,0.16,0,0.16,0.16,0.16,0.09,0.07,0.17,0.09,0.17,13,28,32
231,Pontus Jansson,se SWE,DF,Brentford,30,1991,37,37,3321,36.9,3,1,4,3,0,0,7,0,3,3,0.3,3.3,4,67,5,0.08,0.03,0.11,0.08,0.11,0.08,0.01,0.09,0.08,0.09,2,52,21
232,Mathias Jensen,dk DEN,MF,Brentford,25,1996,31,19,1601,17.8,0,1,1,0,0,0,0,0,2.9,2.9,3.2,6.2,14,103,54,0,0.06,0.06,0,0.06,0.17,0.18,0.35,0.17,0.35,15,22,18
233,Gabriel Jesus,br BRA,FW,Manchester City,24,1997,28,21,1877,20.9,8,8,16,7,1,1,1,0,9.8,9,5.7,14.7,51,55,220,0.38,0.38,0.77,0.34,0.72,0.47,0.28,0.74,0.43,0.71,46,15,12
234,Raúl Jiménez,mx MEX,FW,Wolves,30,1991,34,30,2631,29.2,6,4,10,5,1,1,9,2,6.1,5.4,3.1,8.5,40,65,163,0.21,0.14,0.34,0.17,0.31,0.21,0.1,0.31,0.19,0.29,36,13,14
235,João Pedro,br BRA,FWMF,Watford,19,2001,28,15,1644,18.3,3,1,4,3,0,0,1,0,3.6,3.6,2.8,6.3,54,77,102,0.16,0.05,0.22,0.16,0.22,0.2,0.15,0.35,0.2,0.35,62,15,14
236,Joelinton,br BRA,MFFW,Newcastle Utd,24,1996,35,30,2558,28.4,4,1,5,4,0,0,8,0,3.3,3.3,1.9,5.2,45,92,90,0.14,0.04,0.18,0.14,0.18,0.12,0.07,0.18,0.12,0.18,37,34,38
237,Ben Johnson,eng ENG,DF,West Ham,21,2000,20,16,1397,15.5,1,0,1,1,0,0,1,0,0.2,0.2,0.6,0.7,23,64,67,0.06,0,0.06,0.06,0.06,0.01,0.04,0.05,0.01,0.05,7,22,16
238,Curtis Jones,eng ENG,MF,Liverpool,20,2001,15,10,851,9.5,1,1,2,1,0,0,0,0,0.9,0.9,0.6,1.5,25,58,54,0.11,0.11,0.21,0.11,0.21,0.1,0.07,0.16,0.1,0.16,25,6,9
239,Phil Jones,eng ENG,DF,Manchester Utd,29,1992,4,2,163,1.8,0,0,0,0,0,0,0,0,0,0,0,0,1,2,0,0,0,0,0,0,0,0,0,0,0,1,3,5
240,Jorginho,it ITA,MF,Chelsea,29,1991,29,26,2273,25.3,6,2,8,0,6,7,5,0,5.8,0.3,2.7,3,18,178,19,0.24,0.08,0.32,0,0.08,0.23,0.11,0.34,0.01,0.12,16,36,33
241,Diogo Jota,pt POR,FW,Liverpool,24,1996,35,27,2364,26.3,15,4,19,15,0,0,3,0,16.3,16.3,5.8,22,74,87,191,0.57,0.15,0.72,0.57,0.72,0.62,0.22,0.84,0.62,0.84,27,6,18
242,James Justin,eng ENG,DF,Leicester City,23,1998,13,11,998,11.1,0,0,0,0,0,0,0,0,0.3,0.3,1,1.3,23,44,52,0,0,0,0,0,0.03,0.09,0.12,0.03,0.12,5,17,13
243,Mathias Jørgensen,dk DEN,DF,Brentford,31,1990,8,6,518,5.8,1,0,1,1,0,0,2,0,0.1,0.1,0.3,0.4,5,18,1,0.17,0,0.17,0.17,0.17,0.02,0.05,0.07,0.02,0.07,0,10,4
244,Ozan Kabak,tr TUR,DF,Norwich City,21,2000,11,11,922,10.2,0,0,0,0,0,0,2,0,0.3,0.3,0,0.3,9,20,0,0,0,0,0,0,0.03,0,0.03,0.03,0.03,16,16,5
245,Christian Kabasele,be BEL,DF,Watford,30,1991,16,12,1193,13.3,0,0,0,0,0,0,0,0,0.9,0.9,0.2,1,5,21,1,0,0,0,0,0,0.07,0.01,0.08,0.07,0.08,1,14,5
246,Samuel Kalu,ng NGA,FW,Watford,23,1997,4,2,222,2.5,0,0,0,0,0,0,0,0,0.4,0.4,0.1,0.5,7,8,18,0,0,0,0,0,0.16,0.04,0.2,0.16,0.2,4,3,2
247,Hassane Kamara,ci CIV,DF,Watford,27,1994,19,18,1623,18,1,0,1,1,0,0,5,1,0.2,0.2,0.6,0.8,32,55,25,0.06,0,0.06,0.06,0.06,0.01,0.03,0.04,0.01,0.04,15,69,34
248,Harry Kane,eng ENG,FW,Tottenham,28,1993,37,36,3232,35.9,17,9,26,13,4,4,5,0,18.6,15.4,9.1,24.5,87,143,212,0.47,0.25,0.72,0.36,0.61,0.52,0.25,0.77,0.43,0.68,54,3,5
249,N'Golo Kanté,fr FRA,MF,Chelsea,30,1991,26,21,1773,19.7,2,4,6,2,0,0,2,0,1.5,1.5,2.1,3.6,72,159,62,0.1,0.2,0.3,0.1,0.3,0.08,0.11,0.19,0.08,0.19,35,31,31
250,Edo Kayembe,cd COD,MF,Watford,23,1998,13,9,799,8.9,0,0,0,0,0,0,0,0,0.1,0.1,0.3,0.5,9,47,8,0,0,0,0,0,0.02,0.04,0.05,0.02,0.05,12,9,13
251,Moise Kean,it ITA,FW,Everton,21,2000,1,0,1,0,0,0,0,0,0,0,0,0,0,0,0,0,0,0,0,0,0,0,0,0,0,0,0,0,0,0,0,0
252,Michael Keane,eng ENG,DF,Everton,28,1993,32,31,2792,31,3,2,5,3,0,0,4,1,1.2,1.2,1.6,2.8,9,79,4,0.1,0.06,0.16,0.1,0.16,0.04,0.05,0.09,0.04,0.09,7,62,25
253,Naby Keïta,gn GUI,MF,Liverpool,26,1995,23,14,1173,13,3,1,4,3,0,0,3,0,2.2,2.2,1.9,4.1,39,75,42,0.23,0.08,0.31,0.23,0.31,0.17,0.14,0.31,0.17,0.31,15,14,23
254,Caoimhín Kelleher,ie IRL,GK,Liverpool,22,1998,2,2,180,2,0,0,0,0,0,0,0,0,0,0,0,0,0,0,0,0,0,0,0,0,0,0,0,0,0,0,0,1
255,Kenedy,br BRA,DF,Chelsea,25,1996,1,1,58,0.6,0,1,1,0,0,0,0,0,0,0,0.6,0.6,2,5,10,0,1.55,1.55,0,1.55,0.06,0.94,1,0.06,1,1,0,2
256,Jonjoe Kenny,eng ENG,DF,Everton,24,1997,15,11,1018,11.3,0,1,1,0,0,0,3,1,0.2,0.2,0.8,1,9,36,25,0,0.09,0.09,0,0.09,0.02,0.07,0.09,0.02,0.09,4,20,7
257,Max Kilman,eng ENG,DF,Wolves,24,1997,30,30,2687,29.9,1,0,1,1,0,0,3,0,1.1,1.1,0.2,1.3,31,95,7,0.03,0,0.03,0.03,0.03,0.04,0.01,0.04,0.04,0.04,17,45,26
258,Joshua King,no NOR,FW,Watford,29,1992,32,27,2248,25,5,3,8,4,1,1,5,0,8.9,8.1,3.8,11.9,41,39,157,0.2,0.12,0.32,0.16,0.28,0.36,0.15,0.51,0.32,0.48,30,8,15
259,Kristoffer Klaesson,no NOR,GK,Leeds United,20,2000,1,0,36,0.4,0,0,0,0,0,0,0,0,0,0,0,0,0,0,0,0,0,0,0,0,0,0,0,0,0,0,0,0
260,Mateusz Klich,pl POL,MF,Leeds United,31,1990,33,26,2073,23,1,2,3,1,0,0,5,0,2.8,2.8,2.2,5,45,105,129,0.04,0.09,0.13,0.04,0.13,0.12,0.1,0.22,0.12,0.22,20,11,25
261,Robin Koch,de GER,MFDF,Leeds United,25,1996,20,17,1574,17.5,0,0,0,0,0,0,3,0,0.8,0.8,0.4,1.2,3,52,14,0,0,0,0,0,0.04,0.02,0.07,0.04,0.07,5,20,13
262,Sead Kolašinac,ba BIH,DF,Arsenal,28,1993,2,1,91,1,0,0,0,0,0,0,1,0,0,0,0,0,0,0,0,0,0,0,0,0,0,0,0,0,0,0,4,0
263,Ibrahima Konaté,fr FRA,DF,Liverpool,22,1999,11,11,990,11,0,0,0,0,0,0,2,0,0.2,0.2,0,0.2,7,51,2,0,0,0,0,0,0.02,0,0.02,0.02,0.02,2,16,10
264,Ezri Konsa,eng ENG,DF,Aston Villa,23,1997,29,29,2477,27.5,2,0,2,2,0,0,6,2,1.6,1.6,0.3,1.9,8,45,7,0.07,0,0.07,0.07,0.07,0.06,0.01,0.07,0.06,0.07,6,15,15
265,Cheikhou Kouyaté,sn SEN,MF,Crystal Palace,31,1989,27,23,1974,21.9,0,1,1,0,0,0,3,0,0.5,0.5,0.8,1.3,7,54,9,0,0.05,0.05,0,0.05,0.02,0.04,0.06,0.02,0.06,13,38,38
266,Mateo Kovačić,hr CRO,MF,Chelsea,27,1994,25,16,1558,17.3,2,5,7,2,0,0,4,0,1.6,1.6,3.2,4.7,42,135,37,0.12,0.29,0.4,0.12,0.4,0.09,0.18,0.27,0.09,0.27,38,7,31
267,Emil Krafth,se SWE,DF,Newcastle Utd,26,1994,20,18,1634,18.2,0,1,1,0,0,0,5,0,0.3,0.3,1,1.3,29,50,24,0,0.06,0.06,0,0.06,0.02,0.06,0.07,0.02,0.07,2,25,16
268,Alex Král,cz CZE,MF,West Ham,23,1998,1,0,1,0,0,0,0,0,0,0,0,0,0,0,0,0,0,0,0,0,0,0,0,0,0,0,0,0,0,0,0,0
269,Tim Krul,nl NED,GK,Norwich City,33,1988,29,29,2610,29,0,0,0,0,0,0,1,0,0,0,0.6,0.6,0,1,0,0,0,0,0,0,0,0.02,0.02,0,0.02,0,0,1
270,Juraj Kucka,sk SVK,MF,Watford,34,1987,26,22,1920,21.3,1,1,2,1,0,0,5,1,3.2,3.2,0.9,4.1,21,60,31,0.05,0.05,0.09,0.05,0.09,0.15,0.04,0.19,0.15,0.19,17,27,39
271,Dejan Kulusevski,se SWE,MFFW,Tottenham,21,2000,18,14,1261,14,5,8,13,5,0,0,3,0,2.7,2.7,3.4,6.2,51,35,100,0.36,0.57,0.93,0.36,0.93,0.2,0.25,0.44,0.2,0.44,25,13,13
272,Alexandre Lacazette,fr FRA,FW,Arsenal,30,1991,30,20,1782,19.8,4,7,11,2,2,3,0,0,8.4,6,3,9.1,19,52,106,0.2,0.35,0.56,0.1,0.45,0.42,0.15,0.58,0.3,0.46,19,5,10
273,Adam Lallana,eng ENG,MF,Brighton,33,1988,24,18,1561,17.3,0,1,1,0,0,0,4,0,1.1,1.1,0.9,2,17,76,47,0,0.06,0.06,0,0.06,0.06,0.05,0.11,0.06,0.11,14,16,17
274,Tariq Lamptey,gh GHA,DFFW,Brighton,20,2000,30,16,1561,17.3,0,2,2,0,0,0,4,0,0.8,0.8,2.6,3.4,81,36,153,0,0.12,0.12,0,0.12,0.05,0.15,0.2,0.05,0.2,29,21,25
275,Manuel Lanzini,ar ARG,MFFW,West Ham,28,1993,30,19,1786,19.8,5,3,8,2,3,3,2,0,3.7,1.3,2.4,3.7,29,119,57,0.25,0.15,0.4,0.1,0.25,0.19,0.12,0.31,0.07,0.19,25,19,15
276,Aymeric Laporte,es ESP,DF,Manchester City,27,1994,33,33,2828,31.4,4,0,4,4,0,0,5,1,4.9,4.9,0.6,5.5,51,271,8,0.13,0,0.13,0.13,0.13,0.16,0.02,0.18,0.16,0.18,6,20,15
277,Jamaal Lascelles,eng ENG,DF,Newcastle Utd,27,1993,26,22,2058,22.9,1,0,1,1,0,0,5,0,0.9,0.9,0.4,1.3,0,18,5,0.04,0,0.04,0.04,0.04,0.04,0.02,0.06,0.04,0.06,1,22,7
278,Pierre Lees-Melou,fr FRA,MF,Norwich City,28,1993,33,27,2265,25.2,1,0,1,1,0,0,5,0,1.6,1.6,1.9,3.6,33,114,60,0.04,0,0.04,0.04,0.04,0.06,0.08,0.14,0.06,0.14,19,25,36
279,Aaron Lennon,eng ENG,MFFW,Burnley,34,1987,28,17,1551,17.2,2,0,2,2,0,0,2,0,1.1,1.1,0.5,1.6,38,19,77,0.12,0,0.12,0.12,0.12,0.06,0.03,0.09,0.06,0.09,13,9,17
280,Bernd Leno,de GER,GK,Arsenal,29,1992,4,4,360,4,0,0,0,0,0,0,0,0,0,0,0,0,0,0,0,0,0,0,0,0,0,0,0,0,0,0,0,1
281,Jamal Lewis,nir NIR,DF,Newcastle Utd,23,1998,5,4,262,2.9,0,0,0,0,0,0,1,0,0,0,0,0,3,7,7,0,0,0,0,0,0,0.01,0.01,0,0.01,0,3,6
282,Victor Lindelöf,se SWE,DF,Manchester Utd,27,1994,28,26,2355,26.2,0,2,2,0,0,0,4,0,0.2,0.2,0.6,0.8,14,72,3,0,0.08,0.08,0,0.08,0.01,0.02,0.03,0.01,0.03,3,25,11
283,Jesse Lingard,eng ENG,FWMF,Manchester Utd,28,1992,16,2,367,4.1,2,0,2,2,0,0,1,0,0.6,0.6,0.3,1,9,13,22,0.49,0,0.49,0.49,0.49,0.16,0.08,0.24,0.16,0.24,2,0,7
284,Valentino Livramento,eng ENG,DF,Southampton,18,2002,28,25,2202,24.5,1,1,2,1,0,0,2,0,1.4,1.4,2.7,4.1,79,80,118,0.04,0.04,0.08,0.04,0.08,0.06,0.11,0.17,0.06,0.17,30,47,28
285,Diego Llorente,es ESP,DF,Leeds United,27,1993,28,28,2340,26,3,0,3,3,0,0,7,0,1,1,0.1,1,20,97,1,0.12,0,0.12,0.12,0.12,0.04,0,0.04,0.04,0.04,8,40,31
286,Hugo Lloris,fr FRA,GK,Tottenham,34,1986,38,38,3420,38,0,0,0,0,0,0,2,0,0,0,0.2,0.2,0,0,0,0,0,0,0,0,0,0.01,0.01,0,0.01,0,1,1
287,Giovani Lo Celso,ar ARG,MFFW,Tottenham,25,1996,9,2,238,2.6,0,0,0,0,0,0,0,0,0.6,0.6,0.7,1.3,10,8,15,0,0,0,0,0,0.23,0.26,0.49,0.23,0.49,9,1,4
288,Jürgen Locadia,nl NED,MFFW,Brighton,27,1993,1,0,23,0.3,0,0,0,0,0,0,0,0,0.2,0.2,0,0.2,0,0,0,0,0,0,0,0,0.61,0,0.61,0.61,0.61,0,0,0
289,Ruben Loftus-Cheek,eng ENG,MFDF,Chelsea,25,1996,24,13,1394,15.5,0,2,2,0,0,0,1,0,1.2,1.2,2.4,3.6,69,108,53,0,0.13,0.13,0,0.13,0.08,0.16,0.24,0.08,0.24,42,11,10
290,Kevin Long,ie IRL,DF,Burnley,30,1990,6,4,410,4.6,0,0,0,0,0,0,1,0,0.2,0.2,0,0.2,1,4,0,0,0,0,0,0,0.03,0,0.03,0.03,0.03,0,1,2
291,Shane Long,ie IRL,FW,Southampton,34,1987,13,3,308,3.4,1,0,1,1,0,0,1,0,0.9,0.9,0.1,1,5,3,24,0.29,0,0.29,0.29,0.29,0.25,0.04,0.3,0.25,0.3,1,0,5
292,Sean Longstaff,eng ENG,MF,Newcastle Utd,23,1997,24,15,1464,16.3,1,1,2,1,0,0,1,0,0.7,0.7,0.8,1.6,2,43,15,0.06,0.06,0.12,0.06,0.12,0.05,0.05,0.1,0.05,0.1,6,9,34
293,Ademola Lookman,ng NGA,FWMF,Leicester City,23,1997,26,16,1453,16.1,6,0,6,6,0,0,2,0,4.5,4.5,1.9,6.4,43,54,139,0.37,0,0.37,0.37,0.37,0.28,0.11,0.4,0.28,0.4,38,10,14
294,Jonas Lössl,dk DEN,GK,Brentford,32,1989,2,2,180,2,0,0,0,0,0,0,0,0,0,0,0,0,0,1,0,0,0,0,0,0,0,0,0,0,0,0,0,0
295,Imran Louza,ma MAR,MF,Watford,22,1999,20,17,1416,15.7,0,0,0,0,0,0,6,0,1.2,1.2,1.1,2.3,17,67,24,0,0,0,0,0,0.08,0.07,0.15,0.08,0.15,14,42,21
296,Matthew Lowton,eng ENG,DF,Burnley,32,1989,25,20,1772,19.7,1,2,3,1,0,0,3,1,0.7,0.7,2.1,2.8,21,74,39,0.05,0.1,0.15,0.05,0.15,0.03,0.11,0.14,0.03,0.14,10,26,24
297,Douglas Luiz,br BRA,MF,Aston Villa,23,1998,34,31,2715,30.2,2,3,5,2,0,0,7,0,2,2,2.5,4.4,28,105,44,0.07,0.1,0.17,0.07,0.17,0.07,0.08,0.15,0.07,0.15,24,34,39
298,Romelu Lukaku,be BEL,FW,Chelsea,28,1993,26,16,1589,17.7,8,0,8,7,1,1,1,0,6.6,5.8,3,8.8,29,19,125,0.45,0,0.45,0.4,0.4,0.38,0.17,0.54,0.33,0.5,13,0,1
299,Lyanco,br BRA,DF,Southampton,24,1997,15,9,911,10.1,0,0,0,0,0,0,2,0,0.3,0.3,0.1,0.4,3,18,1,0,0,0,0,0,0.03,0.01,0.04,0.03,0.04,4,13,15
300,Alexis Mac Allister,ar ARG,MFFW,Brighton,22,1998,33,22,2123,23.6,5,2,7,3,2,3,4,0,6.3,4,1.9,5.9,30,137,66,0.21,0.08,0.3,0.13,0.21,0.27,0.08,0.35,0.17,0.25,21,13,40
301,James Maddison,eng ENG,MFFW,Leicester City,24,1996,35,28,2459,27.3,12,8,20,12,0,0,3,0,7.5,7.5,5.1,12.7,53,136,141,0.44,0.29,0.73,0.44,0.73,0.28,0.19,0.46,0.28,0.46,31,11,20
302,Harry Maguire,eng ENG,DF,Manchester Utd,28,1993,30,28,2515,27.9,1,0,1,1,0,0,9,1,1.9,1.9,0.1,2.1,22,115,5,0.04,0,0.04,0.04,0.04,0.07,0,0.07,0.07,0.07,4,32,21
303,Riyad Mahrez,dz ALG,FW,Manchester City,30,1991,28,15,1498,16.6,11,5,16,7,4,5,0,0,10.1,6.2,4.2,10.4,74,70,234,0.66,0.3,0.96,0.42,0.72,0.61,0.25,0.86,0.37,0.62,26,6,3
304,Ainsley Maitland-Niles,eng ENG,MF,Arsenal,23,1997,8,2,268,3,0,0,0,0,0,0,0,0,0.1,0.1,0.3,0.3,2,15,8,0,0,0,0,0,0.02,0.09,0.12,0.02,0.12,4,4,4
305,Sadio Mané,sn SEN,FW,Liverpool,29,1992,34,32,2819,31.3,16,2,18,16,0,0,5,0,17.2,17.2,5.2,22.5,105,130,305,0.51,0.06,0.57,0.51,0.57,0.55,0.17,0.72,0.55,0.72,47,8,20
306,Javier Manquillo,es ESP,DF,Newcastle Utd,27,1994,19,15,1257,14,1,2,3,1,0,0,5,0,0.3,0.3,0.3,0.6,6,22,25,0.07,0.14,0.21,0.07,0.21,0.02,0.02,0.04,0.02,0.04,10,10,29
307,Fernando Marçal,br BRA,MFDF,Wolves,32,1989,18,17,1449,16.1,0,0,0,0,0,0,3,0,0.4,0.4,0.6,1,39,50,98,0,0,0,0,0,0.02,0.04,0.06,0.02,0.06,7,28,22
308,Solly March,eng ENG,DFFW,Brighton,27,1994,31,17,1746,19.4,0,2,2,0,0,0,1,0,1.2,1.2,2.3,3.5,71,69,148,0,0.1,0.1,0,0.1,0.06,0.12,0.18,0.06,0.18,23,17,17
309,Pablo Marí,es ESP,DF,Arsenal,27,1993,2,2,180,2,0,0,0,0,0,0,1,0,0.1,0.1,0.1,0.2,0,9,0,0,0,0,0,0,0.04,0.06,0.1,0.04,0.1,0,3,3
310,Anthony Martial,fr FRA,FW,Manchester Utd,25,1995,8,2,212,2.4,1,0,1,1,0,0,0,0,0.7,0.7,0,0.7,10,14,32,0.42,0,0.42,0.42,0.42,0.28,0,0.28,0.28,0.28,4,0,0
311,Martinelli,br BRA,FWMF,Arsenal,20,2001,29,21,1860,20.7,6,6,12,5,1,1,3,1,7.3,6.6,4.3,11,79,37,207,0.29,0.29,0.58,0.24,0.53,0.35,0.21,0.56,0.32,0.53,45,20,19
312,Emiliano Martínez,ar ARG,GK,Aston Villa,28,1992,36,36,3240,36,0,0,0,0,0,0,4,0,0,0,0,0,0,0,0,0,0,0,0,0,0,0,0,0,0,0,0,1
313,Adam Masina,ma MAR,DF,Watford,27,1994,15,13,1077,12,0,1,1,0,0,0,0,0,0.3,0.3,0.7,1,9,37,12,0,0.08,0.08,0,0.08,0.03,0.06,0.08,0.03,0.08,9,18,13
314,Arthur Masuaku,cd COD,DFFW,West Ham,27,1993,13,6,650,7.2,1,1,2,1,0,0,1,0,0.1,0.1,0.8,0.9,16,33,26,0.14,0.14,0.28,0.14,0.28,0.01,0.12,0.12,0.01,0.12,10,9,23
315,Juan Mata,es ESP,MF,Manchester Utd,33,1988,7,2,235,2.6,0,0,0,0,0,0,0,0,0.3,0.3,0.2,0.6,8,16,13,0,0,0,0,0,0.12,0.09,0.22,0.12,0.22,3,1,4
316,Jean-Philippe Mateta,fr FRA,FW,Crystal Palace,24,1997,22,13,1145,12.7,5,1,6,5,0,0,2,0,5.8,5.8,1.3,7.1,16,6,46,0.39,0.08,0.47,0.39,0.47,0.46,0.1,0.56,0.46,0.56,10,4,4
317,Nemanja Matić,rs SRB,MF,Manchester Utd,32,1988,23,16,1382,15.4,0,4,4,0,0,0,3,0,0.2,0.2,2,2.2,32,98,7,0,0.26,0.26,0,0.26,0.01,0.13,0.14,0.01,0.14,17,31,18
318,Joël Matip,cm CMR,DF,Liverpool,29,1991,31,31,2790,31,3,3,6,3,0,0,2,0,3.4,3.4,1.3,4.6,55,186,7,0.1,0.1,0.19,0.1,0.19,0.11,0.04,0.15,0.11,0.15,9,44,34
319,Neal Maupay,fr FRA,FW,Brighton,24,1996,32,25,2276,25.3,8,2,10,7,1,2,7,0,8.7,7.1,2.4,9.5,21,48,164,0.32,0.08,0.4,0.28,0.36,0.34,0.1,0.44,0.28,0.38,21,2,10
320,Bryan Mbeumo,cm CMR,FW,Brentford,21,1999,35,34,2905,32.3,4,7,11,3,1,1,4,0,9.3,8.5,3.7,12.2,81,56,273,0.12,0.22,0.34,0.09,0.31,0.29,0.11,0.4,0.26,0.38,39,11,16
321,James McArthur,sct SCO,MF,Crystal Palace,33,1987,21,15,1439,16,0,3,3,0,0,0,4,0,0.3,0.3,1.4,1.7,29,84,22,0,0.19,0.19,0,0.19,0.02,0.09,0.11,0.02,0.11,21,30,23
322,James Mcatee,eng ENG,MFFW,Manchester City,18,2002,2,0,20,0.2,0,0,0,0,0,0,0,0,0.1,0.1,0,0.1,2,1,3,0,0,0,0,0,0.37,0,0.37,0.37,0.37,1,0,0
323,Kasey McAteer,eng ENG,FW,Leicester City,19,2001,1,0,3,0,0,0,0,0,0,0,0,0,0,0,0,0,0,0,0,0,0,0,0,0,0,0,0,0,0,0,0,0
324,Liam McCarron,sct SCO,FW,Leeds United,20,2001,1,0,10,0.1,0,0,0,0,0,0,0,0,0,0,0,0,0,0,0,0,0,0,0,0,0,0,0,0,0,0,0,0
325,Alex McCarthy,eng ENG,GK,Southampton,31,1989,17,17,1530,17,0,0,0,0,0,0,1,0,0,0,0,0,0,0,0,0,0,0,0,0,0,0,0,0,0,0,0,0
326,John McGinn,sct SCO,MF,Aston Villa,26,1994,35,35,3090,34.3,3,4,7,3,0,0,8,0,1.5,1.5,5.3,6.8,52,196,67,0.09,0.12,0.2,0.09,0.2,0.04,0.15,0.2,0.04,0.2,44,35,64
327,Stuart McKinstry,sct SCO,MF,Leeds United,18,2002,1,0,4,0,0,0,0,0,0,0,0,0,0,0,0,0,0,0,1,0,0,0,0,0,0,0,0,0,0,0,0,0
328,Kenny McLean,sct SCO,MF,Norwich City,29,1992,31,29,2706,30.1,1,0,1,1,0,0,3,0,1.8,1.8,0.8,2.6,32,99,61,0.03,0,0.03,0.03,0.03,0.06,0.03,0.09,0.06,0.09,19,34,22
329,Dwight McNeil,eng ENG,MF,Burnley,21,1999,38,35,3107,34.5,0,1,1,0,0,0,1,0,2.3,2.3,4.6,6.9,93,104,112,0,0.03,0.03,0,0.03,0.07,0.13,0.2,0.07,0.2,90,35,49
330,Scott McTominay,sct SCO,MF,Manchester Utd,24,1996,30,28,2387,26.5,1,1,2,1,0,0,9,0,1.4,1.4,1.5,2.9,40,125,37,0.04,0.04,0.08,0.04,0.08,0.05,0.06,0.11,0.05,0.11,36,31,33
331,Ben Mee,eng ENG,DF,Burnley,31,1989,21,21,1839,20.4,3,0,3,3,0,0,3,0,2.3,2.3,1,3.4,3,38,2,0.15,0,0.15,0.15,0.15,0.11,0.05,0.17,0.11,0.17,4,24,12
332,Hannibal Mejbri,tn TUN,FW,Manchester Utd,18,2003,2,1,68,0.8,0,0,0,0,0,0,2,0,0.1,0.1,0,0.1,0,0,4,0,0,0,0,0,0.09,0,0.09,0.09,0.09,1,0,1
333,Benjamin Mendy,fr FRA,DF,Manchester City,27,1994,1,1,78,0.9,0,0,0,0,0,0,0,0,0,0,0.1,0.1,4,9,4,0,0,0,0,0,0,0.16,0.16,0,0.16,2,0,2
334,Edouard Mendy,sn SEN,GK,Chelsea,29,1992,34,34,3060,34,0,0,0,0,0,0,3,0,0,0,0,0,0,0,0,0,0,0,0,0,0,0,0,0,0,0,0,0
335,Nampalys Mendy,sn SEN,MF,Leicester City,29,1992,14,12,1032,11.5,0,0,0,0,0,0,3,0,0,0,0,0,9,36,8,0,0,0,0,0,0,0,0,0,0,4,11,6
336,Illan Meslier,fr FRA,GK,Leeds United,21,2000,38,38,3384,37.6,0,0,0,0,0,0,2,0,0,0,0,0,0,0,0,0,0,0,0,0,0,0,0,0,0,2,0,1
337,Luka Milivojević,rs SRB,MF,Crystal Palace,30,1991,15,9,774,8.6,0,0,0,0,0,0,1,0,0.3,0.3,0.7,1,2,37,4,0,0,0,0,0,0.03,0.08,0.11,0.03,0.11,2,11,9
338,James Milner,eng ENG,MFDF,Liverpool,35,1986,24,9,853,9.5,0,1,1,0,0,0,2,0,0.4,0.4,2.2,2.5,9,73,38,0,0.11,0.11,0,0.11,0.04,0.23,0.26,0.04,0.26,2,17,16
339,Yerry Mina,co COL,DF,Everton,26,1994,13,11,846,9.4,0,0,0,0,0,0,3,0,0.3,0.3,0,0.3,1,20,2,0,0,0,0,0,0.03,0,0.03,0.03,0.03,0,11,10
340,Takumi Minamino,jp JPN,FWMF,Liverpool,26,1995,11,1,186,2.1,3,0,3,3,0,0,1,0,1.6,1.6,0.5,2.2,2,5,15,1.45,0,1.45,1.45,1.45,0.79,0.25,1.04,0.79,1.04,1,1,2
341,Tyrone Mings,eng ENG,DF,Aston Villa,28,1993,36,35,3189,35.4,1,3,4,1,0,0,11,0,1.6,1.6,1.6,3.3,23,91,17,0.03,0.08,0.11,0.03,0.11,0.05,0.05,0.09,0.05,0.09,11,46,12
342,Tyrick Mitchell,eng ENG,DF,Crystal Palace,21,1999,36,35,3101,34.5,0,2,2,0,0,0,1,0,0.2,0.2,1.7,1.9,41,134,116,0,0.06,0.06,0,0.06,0.01,0.05,0.05,0.01,0.05,16,41,57
343,Jakub Moder,pl POL,MF,Brighton,22,1999,28,19,1701,18.9,0,3,3,0,0,0,1,0,2.6,2.6,2.2,4.8,42,89,102,0,0.16,0.16,0,0.16,0.14,0.12,0.25,0.14,0.25,12,10,25
344,Wesley Moraes,br BRA,FW,Aston Villa,24,1996,1,0,1,0,0,0,0,0,0,0,0,0,0,0,0,0,0,0,0,0,0,0,0,0,0,0,0,0,0,0,0,0
345,Tyler Morton,eng ENG,MF,Liverpool,18,2002,2,1,66,0.7,0,0,0,0,0,0,1,0,0,0,0,0,0,4,0,0,0,0,0,0,0,0,0,0,0,0,3,0
346,Mason Mount,eng ENG,MF,Chelsea,22,1999,32,27,2363,26.3,11,10,21,10,1,1,4,0,8,7.2,6.7,14,92,164,276,0.42,0.38,0.8,0.38,0.76,0.31,0.26,0.56,0.28,0.53,18,13,16
347,Lucas Moura,br BRA,FWMF,Tottenham,28,1992,34,19,1775,19.7,2,6,8,2,0,0,4,0,2.7,2.7,5,7.7,48,99,87,0.1,0.3,0.41,0.1,0.41,0.14,0.25,0.39,0.14,0.39,56,18,10
348,João Moutinho,pt POR,MF,Wolves,34,1986,35,34,2970,33,2,1,3,2,0,0,4,0,1.3,1.3,2.7,3.9,42,196,37,0.06,0.03,0.09,0.06,0.09,0.04,0.08,0.12,0.04,0.12,16,34,39
349,Bali Mumba,eng ENG,DF,Norwich City,19,2001,1,0,45,0.5,0,0,0,0,0,0,0,0,0,0,0,0,1,1,0,0,0,0,0,0,0,0,0,0,0,0,0,1
350,Jacob Murphy,eng ENG,FWDF,Newcastle Utd,26,1995,33,13,1473,16.4,1,2,3,1,0,0,4,0,2.2,2.2,2.6,4.8,51,44,80,0.06,0.12,0.18,0.06,0.18,0.13,0.16,0.29,0.13,0.29,13,23,26
351,Enock Mwepu,zm ZAM,MF,Brighton,23,1998,18,12,996,11.1,2,4,6,2,0,0,2,0,2.1,2.1,1.6,3.7,22,27,44,0.18,0.36,0.54,0.18,0.54,0.19,0.14,0.33,0.19,0.33,15,12,12
352,Vitaliy Mykolenko,ua UKR,DF,Everton,22,1999,13,12,1055,11.7,1,0,1,1,0,0,0,0,0.5,0.5,0.8,1.2,8,27,27,0.09,0,0.09,0.09,0.09,0.04,0.06,0.11,0.04,0.11,3,16,15
353,Marvelous Nakamba,zw ZIM,MF,Aston Villa,27,1994,16,10,904,10,0,0,0,0,0,0,5,0,0,0,0,0,5,24,0,0,0,0,0,0,0,0,0,0,0,14,12,19
354,Wilfred Ndidi,ng NGA,MFDF,Leicester City,24,1996,19,18,1618,18,0,0,0,0,0,0,4,0,0.7,0.7,0,0.8,14,57,13,0,0,0,0,0,0.04,0,0.04,0.04,0.04,11,42,32
355,Tanguy Ndombele,fr FRA,MF,Tottenham,24,1996,9,6,484,5.4,1,1,2,1,0,0,1,0,0.4,0.4,0.4,0.8,14,21,25,0.19,0.19,0.37,0.19,0.37,0.08,0.07,0.16,0.08,0.16,11,1,7
356,Reiss Nelson,eng ENG,FW,Arsenal,21,1999,1,0,20,0.2,0,0,0,0,0,0,0,0,0.1,0.1,0,0.1,0,0,4,0,0,0,0,0,0.24,0.21,0.45,0.24,0.45,0,0,0
357,Pedro Neto,pt POR,FWMF,Wolves,21,2000,13,5,466,5.2,1,1,2,1,0,0,3,0,1.5,1.5,1,2.5,27,10,49,0.19,0.19,0.39,0.19,0.39,0.29,0.2,0.49,0.29,0.49,12,6,4
358,Rúben Neves,pt POR,MF,Wolves,24,1997,33,31,2661,29.6,4,2,6,4,0,0,9,0,1.1,1.1,3.1,4.3,34,202,19,0.14,0.07,0.2,0.14,0.2,0.04,0.11,0.14,0.04,0.14,26,41,37
359,Jeremy Ngakia,eng ENG,DF,Watford,20,2000,16,9,903,10,0,0,0,0,0,0,0,0,0.1,0.1,0.5,0.6,18,39,20,0,0,0,0,0,0.01,0.05,0.06,0.01,0.06,9,12,18
360,Saúl Ñíguez,es ESP,DFMF,Chelsea,26,1994,10,5,480,5.3,0,0,0,0,0,0,1,0,0.3,0.3,0.5,0.9,4,15,27,0,0,0,0,0,0.07,0.1,0.16,0.07,0.16,2,7,9
361,Eddie Nketiah,eng ENG,FW,Arsenal,22,1999,21,8,835,9.3,5,1,6,5,0,0,3,0,4.4,4.4,2,6.4,27,21,66,0.54,0.11,0.65,0.54,0.65,0.47,0.22,0.69,0.47,0.69,14,4,4
362,Nicolas Nkoulou,cm CMR,DF,Watford,31,1990,3,2,168,1.9,0,0,0,0,0,0,0,0,0,0,0,0,0,2,0,0,0,0,0,0,0,0.01,0.01,0,0.01,1,2,0
363,Mark Noble,eng ENG,MF,West Ham,34,1987,11,3,332,3.7,1,0,1,0,1,2,0,0,1.6,0,0,0,2,14,3,0.27,0,0.27,0,0,0.43,0,0.43,0,0,3,4,2
364,Mathias Normann,no NOR,MF,Norwich City,25,1996,23,20,1645,18.3,1,2,3,1,0,0,6,0,0.9,0.9,1.8,2.7,16,75,8,0.05,0.11,0.16,0.05,0.16,0.05,0.1,0.15,0.05,0.15,17,19,21
365,Christian Nørgaard,dk DEN,MF,Brentford,27,1994,35,35,3054,33.9,3,4,7,3,0,0,8,0,3.8,3.8,3.3,7.1,17,169,31,0.09,0.12,0.21,0.09,0.21,0.11,0.1,0.21,0.11,0.21,18,64,60
366,Angelo Ogbonna,it ITA,DF,West Ham,33,1988,11,11,921,10.2,1,0,1,1,0,0,1,0,0.3,0.3,0,0.3,2,14,0,0.1,0,0.1,0.1,0.1,0.03,0,0.03,0.03,0.03,1,11,4
367,Michael Olise,fr FRA,FWMF,Crystal Palace,19,2001,26,12,1141,12.7,2,5,7,2,0,0,4,0,1.7,1.7,3.9,5.6,55,63,110,0.16,0.39,0.55,0.16,0.55,0.13,0.3,0.44,0.13,0.44,28,6,18
368,Robin Olsen,se SWE,GK,Aston Villa,31,1990,1,1,90,1,0,0,0,0,0,0,0,0,0,0,0,0,0,0,0,0,0,0,0,0,0,0,0,0,0,0,0,0
369,Andrew Omobamidele,ie IRL,DF,Norwich City,19,2002,5,4,382,4.2,1,0,1,1,0,0,1,0,0.2,0.2,0,0.2,6,14,1,0.24,0,0.24,0.24,0.24,0.06,0,0.06,0.06,0.06,0,5,6
370,Tyler Onyango,eng ENG,MF,Everton,18,2003,3,0,28,0.3,0,0,0,0,0,0,0,0,0,0,0,0,0,0,0,0,0,0,0,0,0.15,0,0.15,0.15,0.15,0,0,0
371,Frank Onyeka,ng NGA,MF,Brentford,23,1998,20,12,1045,11.6,0,0,0,0,0,0,4,0,0.8,0.8,0.2,1,18,35,27,0,0,0,0,0,0.07,0.02,0.09,0.07,0.09,11,14,17
372,Divock Origi,be BEL,FW,Liverpool,26,1995,7,0,133,1.5,3,0,3,3,0,0,0,0,1.5,1.5,0,1.5,3,2,9,2.03,0,2.03,2.03,2.03,1.02,0,1.02,1.02,1.02,1,1,0
373,Alex Oxlade-Chamberlain,eng ENG,MFFW,Liverpool,27,1993,17,9,785,8.7,2,1,3,2,0,0,0,0,1.3,1.3,1.1,2.5,34,61,63,0.23,0.11,0.34,0.23,0.34,0.15,0.13,0.28,0.15,0.28,12,6,11
374,Cole Palmer,eng ENG,FWMF,Manchester City,19,2002,4,1,123,1.4,0,0,0,0,0,0,0,0,0.4,0.4,0.2,0.6,3,3,15,0,0,0,0,0,0.31,0.16,0.47,0.31,0.47,1,1,1
375,Emerson Palmieri,it ITA,DF,Chelsea,26,1994,1,0,5,0.1,0,0,0,0,0,0,0,0,0,0,0,0,0,0,1,0,0,0,0,0,0,0,0,0,0,0,0,0
376,Thomas Partey,gh GHA,MF,Arsenal,28,1993,24,23,2028,22.5,2,1,3,2,0,0,6,0,2.8,2.8,1,3.8,20,119,11,0.09,0.04,0.13,0.09,0.13,0.12,0.05,0.17,0.12,0.17,35,23,29
377,Nicolas Pépé,ci CIV,FWMF,Arsenal,26,1995,20,5,696,7.7,1,2,3,1,0,0,0,0,2.6,2.6,1.7,4.3,20,17,97,0.13,0.26,0.39,0.13,0.39,0.34,0.22,0.56,0.34,0.56,19,8,5
378,Ricardo Pereira,pt POR,DF,Leicester City,27,1993,14,13,991,11,1,3,4,1,0,0,3,0,0.7,0.7,1.3,2,28,43,34,0.09,0.27,0.36,0.09,0.36,0.06,0.12,0.18,0.06,0.18,11,17,20
379,Ayoze Pérez,es ESP,MFFW,Leicester City,28,1993,14,6,445,4.9,2,3,5,2,0,0,0,1,1.6,1.6,1.6,3.2,16,18,30,0.4,0.61,1.01,0.4,1.01,0.32,0.32,0.64,0.32,0.64,10,2,2
380,Sonny Perkins,eng ENG,FW,West Ham,17,2004,1,0,4,0,0,0,0,0,0,0,0,0,,,,,,,,0,0,0,0,0,,,,,,,0,0
381,Romain Perraud,fr FRA,DF,Southampton,23,1997,20,18,1623,18,0,1,1,0,0,0,3,0,0.5,0.5,0.7,1.2,34,48,91,0,0.06,0.06,0,0.06,0.03,0.04,0.07,0.03,0.07,8,17,22
382,Kalvin Phillips,eng ENG,MF,Leeds United,25,1995,20,18,1596,17.7,0,1,1,0,0,0,4,0,0.7,0.7,0.7,1.4,6,93,14,0,0.06,0.06,0,0.06,0.04,0.04,0.08,0.04,0.08,7,24,25
383,Jaden Philogene Bidace,eng ENG,FW,Aston Villa,19,2002,1,0,5,0.1,0,0,0,0,0,0,0,0,0,0,0,0,0,0,0,0,0,0,0,0,0,0,0,0,0,0,0,0
384,Jordan Pickford,eng ENG,GK,Everton,27,1994,35,35,3150,35,0,0,0,0,0,0,2,0,0,0,0.1,0.1,0,0,0,0,0,0,0,0,0,0,0,0,0,1,1,1
385,Erik Pieters,nl NED,DF,Burnley,32,1988,12,8,730,8.1,0,1,1,0,0,0,1,0,0.2,0.2,1,1.2,7,15,11,0,0.12,0.12,0,0.12,0.02,0.12,0.14,0.02,0.14,3,10,15
386,Ethan Pinnock,jm JAM,DF,Brentford,28,1993,32,32,2694,29.9,1,1,2,1,0,0,1,0,1.2,1.2,1.2,2.4,11,77,18,0.03,0.03,0.07,0.03,0.07,0.04,0.04,0.08,0.04,0.08,9,44,35
387,Daniel Podence,pt POR,FWMF,Wolves,25,1995,26,15,1484,16.5,2,3,5,2,0,0,2,0,2,2,3.9,5.9,63,75,102,0.12,0.18,0.3,0.12,0.3,0.12,0.23,0.36,0.12,0.36,35,10,11
388,Paul Pogba,fr FRA,MFFW,Manchester Utd,28,1993,20,16,1349,15,1,9,10,1,0,0,7,1,2.6,2.6,3.5,6.1,34,117,62,0.07,0.6,0.67,0.07,0.67,0.18,0.23,0.41,0.18,0.41,39,13,9
389,Nick Pope,eng ENG,GK,Burnley,29,1992,36,36,3240,36,0,0,0,0,0,0,1,0,0,0,0.1,0.1,0,0,0,0,0,0,0,0,0,0,0,0,0,0,2,0
390,Isaac Price,nir NIR,MF,Everton,17,2003,1,0,14,0.2,0,0,0,0,0,0,0,0,0.1,0.1,0,0.1,0,0,1,0,0,0,0,0,0.56,0,0.56,0.56,0.56,0,0,0
391,Teemu Pukki,fi FIN,FW,Norwich City,31,1990,37,37,3253,36.1,11,3,14,8,3,3,4,0,11.4,9.1,3.8,12.9,62,34,186,0.3,0.08,0.39,0.22,0.3,0.32,0.11,0.42,0.25,0.36,27,4,11
392,Christian Pulisic,us USA,MFFW,Chelsea,22,1998,22,13,1290,14.3,6,2,8,6,0,0,2,0,4.9,4.9,1.3,6.2,44,38,108,0.42,0.14,0.56,0.42,0.56,0.34,0.09,0.43,0.34,0.43,25,5,7
393,Przemysław Płacheta,pl POL,FWMF,Norwich City,23,1998,12,6,504,5.6,0,0,0,0,0,0,1,0,0.4,0.4,0.8,1.1,19,10,35,0,0,0,0,0,0.07,0.14,0.2,0.07,0.2,10,2,3
394,Jesuran Rak Sakyi,eng ENG,FWMF,Crystal Palace,18,2002,2,1,80,0.9,0,0,0,0,0,0,0,0,0,0,0,0,2,0,4,0,0,0,0,0,0,0,0,0,0,0,1,0
395,Aaron Ramsdale,eng ENG,GK,Arsenal,23,1998,34,34,3060,34,0,0,0,0,0,0,1,0,0,0,0,0,0,1,0,0,0,0,0,0,0,0,0,0,0,1,0,1
396,Jacob Ramsey,eng ENG,MF,Aston Villa,20,2001,34,29,2467,27.4,6,1,7,6,0,0,6,0,4,4,1.9,5.9,91,132,92,0.22,0.04,0.26,0.22,0.26,0.15,0.07,0.22,0.15,0.22,30,24,44
397,Raphinha,br BRA,FWMF,Leeds United,24,1996,35,34,2915,32.4,11,3,14,7,4,4,7,0,10.2,7,7.5,14.5,89,134,286,0.34,0.09,0.43,0.22,0.31,0.31,0.23,0.54,0.22,0.45,62,29,29
398,Marcus Rashford,eng ENG,FWMF,Manchester Utd,23,1997,25,13,1235,13.7,4,2,6,4,0,0,2,0,2.9,2.9,2.1,5,50,28,118,0.29,0.15,0.44,0.29,0.44,0.21,0.15,0.36,0.21,0.36,22,5,5
399,Milot Rashica,xk KVX,FWMF,Norwich City,25,1996,31,25,2229,24.8,1,2,3,1,0,0,0,0,2.6,2.6,2.1,4.7,76,46,138,0.04,0.08,0.12,0.04,0.12,0.11,0.08,0.19,0.11,0.19,16,15,19
400,David Raya,es ESP,GK,Brentford,25,1995,24,24,2160,24,0,0,0,0,0,0,1,0,0,0,0,0,0,3,0,0,0,0,0,0,0,0,0,0,0,0,0,0
401,Nathan Redmond,eng ENG,MFFW,Southampton,27,1994,27,20,1833,20.4,1,5,6,1,0,0,0,0,1.7,1.7,3.9,5.6,71,95,131,0.05,0.25,0.29,0.05,0.29,0.08,0.19,0.27,0.08,0.27,21,8,14
402,Sergio Reguilón,es ESP,DFMF,Tottenham,24,1996,25,22,1916,21.3,2,3,5,2,0,0,4,0,3,3,3.3,6.4,63,50,144,0.09,0.14,0.23,0.09,0.23,0.14,0.16,0.3,0.14,0.3,19,31,24
403,Declan Rice,eng ENG,MF,West Ham,22,1999,36,35,3179,35.3,1,4,5,1,0,0,8,0,1.1,1.1,1.7,2.8,104,256,44,0.03,0.11,0.14,0.03,0.14,0.03,0.05,0.08,0.03,0.08,50,63,42
404,Taylor Richards,eng ENG,MF,Brighton,20,2000,2,0,25,0.3,0,0,0,0,0,0,0,0,0,0,0,0,1,3,7,0,0,0,0,0,0.05,0.04,0.09,0.05,0.09,0,0,0
405,Richarlison,br BRA,FW,Everton,24,1997,30,28,2523,28,10,5,15,7,3,3,9,0,9.2,6.8,3.6,10.4,44,42,146,0.36,0.18,0.54,0.25,0.43,0.33,0.13,0.46,0.24,0.37,40,12,23
406,Jaïro Riedewald,nl NED,MF,Crystal Palace,24,1996,3,1,118,1.3,0,0,0,0,0,0,0,0,0,0,0.1,0.1,1,4,2,0,0,0,0,0,0,0.07,0.07,0,0.07,1,1,1
407,Matt Ritchie,sct SCO,DF,Newcastle Utd,31,1989,18,14,1337,14.9,0,2,2,0,0,0,5,0,0.7,0.7,2,2.7,8,48,40,0,0.13,0.13,0,0.13,0.05,0.13,0.18,0.05,0.18,4,13,15
408,Connor Roberts,wls WAL,DF,Burnley,25,1995,21,19,1692,18.8,1,1,2,1,0,0,2,0,0.4,0.4,1.2,1.6,23,61,44,0.05,0.05,0.11,0.05,0.11,0.02,0.07,0.09,0.02,0.09,6,22,13
409,Tyler Roberts,wls WAL,MFFW,Leeds United,22,1999,23,7,987,11,1,1,2,1,0,0,5,0,2.4,2.4,1,3.4,17,29,63,0.09,0.09,0.18,0.09,0.18,0.22,0.09,0.31,0.22,0.31,12,5,7
410,Andrew Robertson,sct SCO,DF,Liverpool,27,1994,29,29,2537,28.2,3,10,13,3,0,0,5,1,1.4,1.4,5.6,7,96,186,239,0.11,0.35,0.46,0.11,0.46,0.05,0.2,0.25,0.05,0.25,13,23,21
411,Joe Rodon,wls WAL,DF,Tottenham,23,1997,3,0,89,1,0,0,0,0,0,0,0,0,0,0,0,0,0,0,0,0,0,0,0,0,0,0,0,0,0,0,0,0
412,Rodri,es ESP,MF,Manchester City,25,1996,33,33,2884,32,7,2,9,7,0,0,5,0,2.3,2.3,1.4,3.7,43,285,47,0.22,0.06,0.28,0.22,0.28,0.07,0.04,0.11,0.07,0.11,12,28,43
413,Rodrigo,es ESP,MFFW,Leeds United,30,1991,31,27,2265,25.2,6,1,7,5,1,1,9,0,4.2,3.5,3.1,6.6,47,105,164,0.24,0.04,0.28,0.2,0.24,0.17,0.12,0.29,0.14,0.26,22,11,9
414,Jay Rodriguez,eng ENG,FW,Burnley,32,1989,29,13,1382,15.4,2,2,4,2,0,0,3,0,4.8,4.8,2.1,6.9,18,19,60,0.13,0.13,0.26,0.13,0.26,0.31,0.14,0.45,0.31,0.45,8,4,12
415,Mads Roerslev,dk DEN,DF,Brentford,22,1999,21,12,1240,13.8,1,1,2,1,0,0,1,0,0.4,0.4,0.6,0.9,14,22,54,0.07,0.07,0.15,0.07,0.15,0.03,0.04,0.07,0.03,0.07,4,16,12
416,Cristian Romero,ar ARG,DF,Tottenham,23,1998,22,21,1844,20.5,1,0,1,1,0,0,8,0,0.5,0.5,0.3,0.7,23,65,9,0.05,0,0.05,0.05,0.05,0.02,0.01,0.04,0.02,0.04,9,33,39
417,Oriol Romeu,es ESP,MF,Southampton,29,1991,36,34,2889,32.1,2,2,4,2,0,0,9,0,1.4,1.4,2.9,4.3,38,156,29,0.06,0.06,0.12,0.06,0.12,0.04,0.09,0.13,0.04,0.13,30,51,39
418,Cristiano Ronaldo,pt POR,FW,Manchester Utd,36,1985,30,27,2456,27.3,18,3,21,15,3,3,8,0,17.7,15.4,2.9,18.2,67,64,192,0.66,0.11,0.77,0.55,0.66,0.65,0.11,0.75,0.56,0.67,20,2,6
419,Salomón Rondón,ve VEN,FW,Everton,31,1989,20,8,790,8.8,1,1,2,1,0,0,3,1,1.8,1.8,0.7,2.6,5,9,41,0.11,0.11,0.23,0.11,0.23,0.21,0.08,0.29,0.21,0.29,4,0,1
420,Danny Rose,eng ENG,DF,Watford,31,1990,8,7,689,7.7,0,0,0,0,0,0,4,0,0.2,0.2,0.8,1,12,33,19,0,0,0,0,0,0.03,0.1,0.13,0.03,0.13,9,14,10
421,Jon Rowe,eng ENG,FWMF,Norwich City,18,2003,13,0,223,2.5,0,1,1,0,0,0,0,0,0.3,0.3,0.5,0.8,4,3,21,0,0.4,0.4,0,0.4,0.1,0.21,0.31,0.1,0.31,4,3,2
422,John Ruddy,eng ENG,GK,Wolves,34,1986,2,1,135,1.5,0,0,0,0,0,0,0,0,0,0,0,0,0,0,0,0,0,0,0,0,0,0,0,0,0,0,0,0
423,Antonio Rüdiger,de GER,DF,Chelsea,28,1993,34,34,3035,33.7,3,0,3,3,0,0,9,0,2.3,2.3,0.7,3,54,188,21,0.09,0,0.09,0.09,0.09,0.07,0.02,0.09,0.07,0.09,6,28,28
424,Lukas Rupp,de GER,MF,Norwich City,30,1991,19,7,769,8.5,0,0,0,0,0,0,0,0,0.7,0.7,1.4,2,17,35,23,0,0,0,0,0,0.08,0.16,0.24,0.08,0.24,18,9,4
425,José Sá,pt POR,GK,Wolves,28,1993,37,37,3285,36.5,0,1,1,0,0,0,3,0,0,0,0.9,0.9,0,2,0,0,0.03,0.03,0,0.03,0,0.02,0.02,0,0.02,4,2,1
426,Allan Saint-Maximin,fr FRA,FWMF,Newcastle Utd,24,1997,35,31,2804,31.2,5,5,10,5,0,0,6,0,5.2,5.2,4.3,9.5,180,87,167,0.16,0.16,0.32,0.16,0.32,0.17,0.14,0.3,0.17,0.3,150,11,8
427,Romain Saïss,ma MAR,DF,Wolves,31,1990,31,31,2705,30.1,2,0,2,2,0,0,6,0,2.7,2.7,0.3,3.1,18,137,9,0.07,0,0.07,0.07,0.07,0.09,0.01,0.1,0.09,0.1,7,58,27
428,Bukayo Saka,eng ENG,FWMF,Arsenal,19,2001,38,36,2978,33.1,11,7,18,9,2,2,6,0,10.3,8.7,7.5,16.3,140,101,388,0.33,0.21,0.54,0.27,0.48,0.31,0.23,0.54,0.26,0.49,43,22,21
429,Mohamed Salah,eg EGY,FW,Liverpool,29,1992,35,30,2762,30.7,23,13,36,18,5,6,1,0,22.7,17.8,10,27.8,125,122,451,0.75,0.42,1.17,0.59,1.01,0.74,0.33,1.07,0.58,0.91,53,6,8
430,Mohammed Salisu,gh GHA,DF,Southampton,22,1999,34,33,2972,33,0,0,0,0,0,0,10,1,2,2,0.8,2.7,31,136,7,0,0,0,0,0,0.06,0.02,0.08,0.06,0.08,13,78,47
431,Albert Sambi Lokonga,be BEL,MF,Arsenal,21,1999,19,12,1134,12.6,0,0,0,0,0,0,5,0,0.6,0.6,1,1.6,28,84,16,0,0,0,0,0,0.05,0.08,0.13,0.05,0.13,3,13,18
432,Davinson Sánchez,co COL,DF,Tottenham,25,1996,23,17,1631,18.1,2,0,2,2,0,0,4,0,2.1,2.1,0.3,2.4,21,65,8,0.11,0,0.11,0.11,0.11,0.11,0.02,0.13,0.11,0.13,4,30,22
433,Robert Sánchez,es ESP,GK,Brighton,23,1997,37,37,3329,37,0,0,0,0,0,0,3,1,0,0,0.4,0.4,0,1,0,0,0,0,0,0,0,0.01,0.01,0,0.01,0,0,1
434,Jadon Sancho,eng ENG,FWMF,Manchester Utd,21,2000,29,20,1900,21.1,3,3,6,3,0,0,0,0,3.6,3.6,4.1,7.7,111,88,222,0.14,0.14,0.28,0.14,0.28,0.17,0.19,0.37,0.17,0.37,47,15,8
435,Morgan Sanson,fr FRA,MF,Aston Villa,26,1994,10,3,356,4,0,0,0,0,0,0,0,0,0,0,0,0,16,21,10,0,0,0,0,0,0,0.01,0.01,0,0.01,13,10,8
436,Samir Santos,br BRA,DF,Watford,26,1994,19,19,1673,18.6,0,0,0,0,0,0,4,0,0.5,0.5,0.1,0.6,1,24,2,0,0,0,0,0,0.03,0,0.03,0.03,0.03,2,43,11
437,Josh Sargent,us USA,FWMF,Norwich City,21,2000,26,18,1572,17.5,2,1,3,2,0,0,1,0,2.5,2.5,0.9,3.4,21,12,88,0.11,0.06,0.17,0.11,0.17,0.14,0.05,0.19,0.14,0.19,16,11,14
438,Jeremy Sarmiento,ec ECU,FWMF,Brighton,19,2002,5,1,48,0.5,0,0,0,0,0,0,0,0,0,0,0,0,4,1,3,0,0,0,0,0,0,0,0,0,0,1,0,1
439,Ismaila Sarr,sn SEN,FWMF,Watford,23,1998,22,21,1861,20.7,5,2,7,5,0,1,2,0,4.8,4,2.9,6.9,79,52,158,0.24,0.1,0.34,0.24,0.34,0.23,0.14,0.37,0.19,0.34,34,9,7
440,Malang Sarr,fr FRA,DF,Chelsea,22,1999,8,6,546,6.1,0,0,0,0,0,0,2,0,0,0,0.4,0.4,9,23,15,0,0,0,0,0,0.01,0.06,0.07,0.01,0.07,0,11,7
441,Dane Scarlett,eng ENG,MF,Tottenham,17,2004,1,0,4,0,0,0,0,0,0,0,0,0,0,0,0,0,0,0,0,0,0,0,0,0,0,0,0,0,0,1,0,0
442,Fabian Schär,ch SUI,DF,Newcastle Utd,29,1991,25,25,2158,24,2,2,4,2,0,0,4,0,1.2,1.2,1.1,2.3,20,59,2,0.08,0.08,0.17,0.08,0.17,0.05,0.05,0.1,0.05,0.1,6,32,11
443,Jeffrey Schlupp,gh GHA,MFFW,Crystal Palace,28,1992,32,20,1851,20.6,4,1,5,4,0,0,1,0,3.4,3.4,1.6,4.9,31,70,60,0.19,0.05,0.24,0.19,0.24,0.16,0.08,0.24,0.16,0.24,35,18,25
444,Kasper Schmeichel,dk DEN,GK,Leicester City,34,1986,37,37,3330,37,0,0,0,0,0,0,2,0,0,0,0,0,1,2,0,0,0,0,0,0,0,0,0,0,0,1,1,0
445,Ken Sema,se SWE,MFFW,Watford,27,1993,18,7,852,9.5,0,0,0,0,0,0,1,0,0.1,0.1,1.3,1.4,19,8,36,0,0,0,0,0,0.01,0.13,0.15,0.01,0.15,12,5,6
446,Nélson Semedo,pt POR,MFDF,Wolves,27,1993,25,25,2131,23.7,0,1,1,0,0,0,1,0,1.6,1.6,1.3,2.9,79,78,146,0,0.04,0.04,0,0.04,0.07,0.06,0.12,0.07,0.12,39,21,39
447,Ryan Sessegnon,eng ENG,DFMF,Tottenham,21,2000,15,13,1047,11.6,0,2,2,0,0,0,2,0,0.3,0.3,2.7,3,30,22,80,0,0.17,0.17,0,0.17,0.03,0.23,0.26,0.03,0.26,6,7,19
448,Jamie Shackleton,eng ENG,DFMF,Leeds United,21,1999,14,7,709,7.9,0,0,0,0,0,0,4,0,0.2,0.2,0,0.2,20,36,20,0,0,0,0,0,0.02,0,0.02,0.02,0.02,11,8,16
449,Luke Shaw,eng ENG,DF,Manchester Utd,26,1995,20,19,1601,17.8,0,3,3,0,0,0,8,0,0.1,0.1,3.6,3.7,48,82,69,0,0.17,0.17,0,0.17,0.01,0.2,0.21,0.01,0.21,7,9,13
450,Jonjo Shelvey,eng ENG,MF,Newcastle Utd,29,1992,24,22,1983,22,2,1,3,2,0,0,7,1,0.9,0.9,1,1.9,11,84,7,0.09,0.05,0.14,0.09,0.14,0.04,0.05,0.09,0.04,0.09,9,22,17
451,Shola Shoretire,eng ENG,MF,Manchester Utd,17,2004,1,0,16,0.2,0,0,0,0,0,0,0,0,0,0,0,0,0,0,1,0,0,0,0,0,0,0,0,0,0,0,0,0
452,Francisco Sierralta,cl CHI,DF,Watford,24,1997,5,5,427,4.7,0,0,0,0,0,0,0,0,0.1,0.1,0,0.1,1,2,0,0,0,0,0,0,0.01,0,0.01,0.01,0.01,2,6,3
453,Bernardo Silva,pt POR,MFFW,Manchester City,26,1994,35,33,2857,31.7,8,4,12,8,0,0,6,0,6.7,6.7,6.5,13.2,146,170,277,0.25,0.13,0.38,0.25,0.38,0.21,0.21,0.42,0.21,0.42,53,20,29
454,Fábio Silva,pt POR,FW,Wolves,19,2002,22,6,572,6.4,0,0,0,0,0,0,0,0,1.8,1.8,0.2,1.9,14,14,41,0,0,0,0,0,0.28,0.03,0.3,0.28,0.3,7,1,2
455,Thiago Silva,br BRA,DF,Chelsea,36,1984,32,28,2650,29.4,3,0,3,3,0,0,2,0,0.9,0.9,0.2,1.1,14,145,2,0.1,0,0.1,0.1,0.1,0.03,0.01,0.04,0.03,0.04,6,44,21
456,Ellis Simms,eng ENG,FW,Everton,20,2001,1,1,61,0.7,0,0,0,0,0,0,0,0,0,0,0,0,0,0,2,0,0,0,0,0,0,0,0,0,0,0,0,0
457,Moussa Sissoko,fr FRA,MF,Watford,31,1989,36,36,3220,35.8,2,1,3,2,0,0,5,0,3.8,3.7,3.1,6.8,51,116,71,0.06,0.03,0.08,0.06,0.08,0.11,0.09,0.19,0.1,0.19,52,30,27
458,Oliver Skipp,eng ENG,MF,Tottenham,20,2000,18,14,1350,15,0,0,0,0,0,0,6,0,0.2,0.2,0.7,1,27,76,18,0,0,0,0,0,0.02,0.05,0.07,0.02,0.07,4,12,19
459,William Smallbone,ie IRL,MFFW,Southampton,21,2000,4,2,133,1.5,0,0,0,0,0,0,0,0,0.1,0.1,0,0.1,4,2,7,0,0,0,0,0,0.03,0.03,0.06,0.03,0.06,0,2,4
460,Emile Smith Rowe,eng ENG,MFFW,Arsenal,21,2000,33,21,1921,21.3,10,2,12,10,0,0,1,0,6,6,2,8,65,85,139,0.47,0.09,0.56,0.47,0.56,0.28,0.09,0.38,0.28,0.38,32,15,7
461,Cédric Soares,pt POR,DF,Arsenal,29,1991,21,16,1486,16.5,1,1,2,1,0,0,3,0,0.6,0.6,1.6,2.1,17,84,56,0.06,0.06,0.12,0.06,0.12,0.03,0.09,0.13,0.03,0.13,8,16,26
462,Tomáš Souček,cz CZE,MF,West Ham,26,1995,35,34,3062,34,5,1,6,5,0,0,3,0,5.5,4.8,2.2,7,36,141,54,0.15,0.03,0.18,0.15,0.18,0.16,0.06,0.22,0.14,0.2,10,52,32
463,Boubakary Soumaré,fr FRA,MF,Leicester City,22,1999,19,12,1102,12.2,0,1,1,0,0,0,0,0,0.4,0.4,0.4,0.7,10,45,16,0,0.08,0.08,0,0.08,0.03,0.03,0.06,0.03,0.06,14,14,13
464,Çağlar Söyüncü,tr TUR,DF,Leicester City,25,1996,28,28,2497,27.7,1,0,1,1,0,0,5,0,1,1,0.1,1.1,19,71,5,0.04,0,0.04,0.04,0.04,0.04,0,0.04,0.04,0.04,4,32,30
465,Tony Springett,eng ENG,MFFW,Norwich City,18,2002,3,1,141,1.6,0,0,0,0,0,0,1,0,0.2,0.2,0.5,0.7,8,2,11,0,0,0,0,0,0.11,0.34,0.45,0.11,0.45,1,0,1
466,Jason Steele,eng ENG,GK,Brighton,30,1990,1,1,90,1,0,0,0,0,0,0,0,0,0,0,0,0,0,0,0,0,0,0,0,0,0,0,0,0,0,0,0,0
467,Jed Steer,eng ENG,GK,Aston Villa,28,1992,1,1,90,1,0,0,0,0,0,0,0,0,0,0,0,0,0,0,0,0,0,0,0,0,0,0,0,0,0,0,0,0
468,Zack Steffen,us USA,GK,Manchester City,26,1995,1,1,90,1,0,0,0,0,0,0,0,0,0,0,0,0,0,0,0,0,0,0,0,0,0,0,0,0,0,0,0,0
469,Dale Stephens,eng ENG,MF,Burnley,32,1989,3,1,124,1.4,0,0,0,0,0,0,1,0,0,0,0,0.1,0,5,1,0,0,0,0,0,0.02,0.02,0.04,0.02,0.04,0,1,1
470,Jack Stephens,eng ENG,DF,Southampton,27,1994,11,9,811,9,0,0,0,0,0,0,3,0,0,0,0.3,0.3,7,28,3,0,0,0,0,0,0,0.04,0.04,0,0.04,2,19,12
471,Raheem Sterling,eng ENG,FW,Manchester City,26,1994,30,23,2128,23.6,13,5,18,11,2,3,1,0,14,11.5,5.5,17,108,65,317,0.55,0.21,0.76,0.47,0.68,0.59,0.23,0.82,0.49,0.72,53,12,10
472,Finley Stevens,wls WAL,DF,Brentford,18,2003,1,0,15,0.2,0,0,0,0,0,0,0,0,0,0,0.1,0.1,0,2,2,0,0,0,0,0,0,0.33,0.33,0,0.33,0,0,1
473,John Stones,eng ENG,DF,Manchester City,27,1994,14,12,1119,12.4,1,0,1,1,0,0,0,0,0.9,0.9,0.2,1.1,28,63,7,0.08,0,0.08,0.08,0.08,0.07,0.01,0.09,0.07,0.09,8,11,3
474,Pascal Struijk,nl NED,DFMF,Leeds United,21,1999,29,22,2055,22.8,1,0,1,1,0,0,6,1,1.4,1.4,0.4,1.9,8,86,10,0.04,0,0.04,0.04,0.04,0.06,0.02,0.08,0.06,0.08,2,33,39
475,Crysencio Summerville,nl NED,MFFW,Leeds United,19,2001,6,0,130,1.4,0,0,0,0,0,0,0,0,0.2,0.2,0,0.3,5,7,16,0,0,0,0,0,0.17,0.03,0.19,0.17,0.19,4,2,3
476,Jakob Sørensen,dk DEN,MFDF,Norwich City,23,1998,10,6,604,6.7,0,0,0,0,0,0,0,0,0.5,0.5,0,0.5,4,20,4,0,0,0,0,0,0.07,0,0.07,0.07,0.07,3,10,11
477,Japhet Tanganga,eng ENG,DF,Tottenham,22,1999,11,10,735,8.2,0,0,0,0,0,0,4,1,0.4,0.4,0.2,0.7,13,20,21,0,0,0,0,0,0.05,0.03,0.08,0.05,0.08,5,9,8
478,Matt Targett,eng ENG,DF,Aston Villa,25,1995,17,17,1431,15.9,1,1,2,1,0,0,2,0,0.5,0.5,1.7,2.2,19,83,79,0.06,0.06,0.13,0.06,0.13,0.03,0.11,0.14,0.03,0.14,1,23,18
479,Matt Targett,eng ENG,DF,Newcastle Utd,25,1995,16,16,1440,16,0,0,0,0,0,0,1,0,0.3,0.3,1.9,2.2,11,53,40,0,0,0,0,0,0.02,0.12,0.14,0.02,0.14,10,25,26
480,James Tarkowski,eng ENG,DF,Burnley,28,1992,35,35,3106,34.5,1,2,3,1,0,0,11,0,2.5,2.5,0.5,3,3,97,11,0.03,0.06,0.09,0.03,0.09,0.07,0.01,0.09,0.07,0.09,5,48,45
481,Nuno Tavares,pt POR,DF,Arsenal,21,2000,22,13,1176,13.1,1,1,2,1,0,0,2,0,1.9,1.9,1.1,2.9,47,42,91,0.08,0.08,0.15,0.08,0.15,0.14,0.08,0.22,0.14,0.22,18,9,14
482,Charlie Taylor,eng ENG,DF,Burnley,27,1993,31,30,2731,30.3,0,3,3,0,0,0,3,0,0.2,0.2,3.8,4,58,91,77,0,0.1,0.1,0,0.1,0.01,0.13,0.13,0.01,0.13,27,58,26
483,Nathan Tella,eng ENG,MFFW,Southampton,22,1999,14,10,804,8.9,0,1,1,0,0,0,2,0,0.6,0.6,0.6,1.2,22,17,44,0,0.11,0.11,0,0.11,0.07,0.07,0.13,0.07,0.13,10,6,9
484,Alex Telles,br BRA,DF,Manchester Utd,28,1992,21,18,1660,18.4,0,4,4,0,0,0,1,0,0.4,0.4,1.9,2.3,36,66,102,0,0.22,0.22,0,0.22,0.02,0.1,0.12,0.02,0.12,12,26,27
485,Luke Thomas,eng ENG,DF,Leicester City,20,2001,22,21,1912,21.2,0,1,1,0,0,0,2,0,0.1,0.1,1.3,1.5,28,95,59,0,0.05,0.05,0,0.05,0.01,0.06,0.07,0.01,0.07,15,40,31
486,Dominic Thompson,eng ENG,DF,Brentford,21,2000,2,2,146,1.6,0,0,0,0,0,0,0,0,0.1,0.1,0,0.1,0,0,3,0,0,0,0,0,0.04,0,0.04,0.04,0.04,0,2,0
487,Youri Tielemans,be BEL,MF,Leicester City,24,1997,32,29,2631,29.2,6,4,10,4,2,2,3,0,4.4,2.8,4.2,7,31,202,69,0.21,0.14,0.34,0.14,0.27,0.15,0.15,0.29,0.1,0.24,25,21,38
488,Kieran Tierney,sct SCO,DF,Arsenal,24,1997,22,22,1915,21.3,1,3,4,1,0,0,0,0,0.6,0.6,1.8,2.4,62,105,128,0.05,0.14,0.19,0.05,0.19,0.03,0.09,0.11,0.03,0.11,9,15,14
489,Takehiro Tomiyasu,jp JPN,DF,Arsenal,22,1998,21,20,1679,18.7,0,1,1,0,0,0,2,0,0.6,0.6,1,1.6,32,96,41,0,0.05,0.05,0,0.05,0.03,0.05,0.09,0.03,0.09,9,24,17
490,James Tomkins,eng ENG,DF,Crystal Palace,32,1989,8,6,547,6.1,1,0,1,1,0,0,2,0,0.5,0.5,0.2,0.7,1,8,1,0.16,0,0.16,0.16,0.16,0.08,0.03,0.11,0.08,0.11,1,4,3
491,Ivan Toney,eng ENG,FW,Brentford,25,1996,33,32,2909,32.3,12,5,17,7,5,5,8,0,11.4,7.4,5.8,13.3,28,83,168,0.37,0.15,0.53,0.22,0.37,0.35,0.18,0.53,0.23,0.41,24,14,21
492,Ferrán Torres,es ESP,FW,Manchester City,21,2000,4,4,303,3.4,2,1,3,2,0,0,0,0,2.8,2.8,0,2.8,5,4,26,0.59,0.3,0.89,0.59,0.89,0.83,0.01,0.84,0.83,0.84,4,0,2
493,Cenk Tosun,tr TUR,MF,Everton,30,1991,1,0,7,0.1,0,0,0,0,0,0,0,0,0,0,0,0,0,0,0,0,0,0,0,0,0,0,0,0,0,0,0,0
494,Andros Townsend,eng ENG,MFFW,Everton,30,1991,21,17,1455,16.2,3,2,5,2,1,1,3,0,2.2,1.5,3.1,4.5,41,50,100,0.19,0.12,0.31,0.12,0.25,0.14,0.19,0.33,0.09,0.28,26,14,17
495,Adama Traoré,es ESP,FWMF,Wolves,25,1996,20,10,1067,11.9,1,0,1,1,0,0,0,0,3,3,1.4,4.4,84,29,85,0.08,0,0.08,0.08,0.08,0.25,0.12,0.37,0.25,0.37,83,2,3
496,Bertrand Traoré,bf BFA,MFFW,Aston Villa,25,1995,9,1,220,2.4,0,0,0,0,0,0,0,0,0.3,0.3,0,0.3,12,12,13,0,0,0,0,0,0.13,0,0.13,0.13,0.13,10,0,3
497,Trézéguet,eg EGY,FW,Aston Villa,26,1994,1,0,11,0.1,0,0,0,0,0,0,0,0,0,0,0,0,0,1,4,0,0,0,0,0,0.38,0,0.38,0.38,0.38,1,0,0
498,Francisco Trincão,pt POR,FWMF,Wolves,21,1999,28,16,1336,14.8,2,1,3,2,0,0,0,0,3.7,3.7,1.6,5.4,56,40,93,0.13,0.07,0.2,0.13,0.2,0.25,0.11,0.36,0.25,0.36,44,12,15
499,Kieran Trippier,eng ENG,DF,Newcastle Utd,30,1990,6,5,429,4.8,2,0,2,2,0,0,0,0,0.2,0.2,0.3,0.5,2,17,8,0.42,0,0.42,0.42,0.42,0.05,0.06,0.1,0.05,0.1,1,10,10
500,William Troost-Ekong,ng NGA,DF,Watford,27,1993,17,15,1390,15.4,0,0,0,0,0,0,3,0,0.1,0.1,0.1,0.2,7,30,3,0,0,0,0,0,0.01,0,0.01,0.01,0.01,,,
501,Leandro Trossard,be BEL,FWMF,Brighton,26,1994,34,32,2805,31.2,8,3,11,7,1,1,2,0,6.7,5.9,4.8,10.7,97,154,222,0.26,0.1,0.35,0.22,0.32,0.21,0.15,0.37,0.19,0.34,,,
502,Kostas Tsimikas,gr GRE,DF,Liverpool,25,1996,13,9,877,9.7,0,2,2,0,0,0,3,0,0.6,0.6,2.7,3.3,48,47,109,0,0.21,0.21,0,0.21,0.06,0.27,0.34,0.06,0.34,,,
503,Axel Tuanzebe,eng ENG,DF,Aston Villa,23,1997,9,6,508,5.6,0,0,0,0,0,0,1,0,0.1,0.1,0,0.1,1,6,0,0,0,0,0,0,0.02,0,0.02,0.02,0.02,,,
504,Ozan Tufan,tr TUR,MF,Watford,26,1995,7,4,334,3.7,0,0,0,0,0,0,0,0,0.6,0.6,0.3,0.9,2,16,13,0,0,0,0,0,0.15,0.09,0.24,0.15,0.24,,,
505,Christos Tzolis,gr GRE,FWMF,Norwich City,19,2002,14,3,336,3.7,0,0,0,0,0,0,0,0,0.4,0.4,0.7,1.1,8,13,31,0,0,0,0,0,0.12,0.18,0.3,0.12,0.3,,,
506,Yan Valery,tn TUN,DF,Southampton,22,1999,5,3,370,4.1,0,0,0,0,0,0,0,0,0,0,0.1,0.2,3,10,4,0,0,0,0,0,0.01,0.03,0.04,0.01,0.04,,,
507,Virgil van Dijk,nl NED,DF,Liverpool,30,1991,34,34,3060,34,3,1,4,3,0,0,3,0,2,2,1.5,3.6,11,145,4,0.09,0.03,0.12,0.09,0.12,0.06,0.05,0.11,0.06,0.11,,,
508,Raphaël Varane,fr FRA,DF,Manchester Utd,28,1993,22,20,1831,20.3,1,1,2,1,0,0,0,0,0.7,0.7,0.2,0.9,11,49,2,0.05,0.05,0.1,0.05,0.1,0.03,0.01,0.05,0.03,0.05,,,
509,Jamie Vardy,eng ENG,FW,Leicester City,34,1987,25,20,1806,20.1,15,2,17,15,0,0,2,0,10.8,10.8,1.4,12.2,37,28,112,0.75,0.1,0.85,0.75,0.85,0.54,0.07,0.61,0.54,0.61,,,
510,Joël Veltman,nl NED,DF,Brighton,29,1992,34,33,2874,31.9,1,1,2,1,0,0,6,0,0.7,0.7,1.6,2.3,25,124,65,0.03,0.03,0.06,0.03,0.06,0.02,0.05,0.07,0.02,0.07,,,
511,Jannik Vestergaard,dk DEN,DF,Leicester City,28,1992,10,6,567,6.3,0,0,0,0,0,0,2,0,0.1,0.1,0,0.1,2,19,0,0,0,0,0,0,0.02,0,0.02,0.02,0.02,,,
512,Nikola Vlašić,hr CRO,FWMF,West Ham,23,1997,19,6,560,6.2,1,0,1,1,0,0,0,0,1.3,1.3,0.6,2,21,14,48,0.16,0,0.16,0.16,0.16,0.21,0.1,0.31,0.21,0.31,,,
513,Matěj Vydra,cz CZE,FW,Burnley,29,1992,22,5,679,7.5,2,3,5,2,0,0,1,0,2.9,2.9,0.7,3.7,2,7,43,0.27,0.4,0.66,0.27,0.66,0.39,0.1,0.49,0.39,0.49,,,
514,Theo Walcott,eng ENG,MFFW,Southampton,32,1989,9,5,379,4.2,0,0,0,0,0,0,0,0,0.6,0.6,0,0.7,3,5,19,0,0,0,0,0,0.15,0.01,0.16,0.15,0.16,,,
515,Kyle Walker,eng ENG,DF,Manchester City,31,1990,20,20,1755,19.5,0,2,2,0,0,0,1,0,0.3,0.3,1.3,1.5,43,146,65,0,0.1,0.1,0,0.1,0.01,0.06,0.08,0.01,0.08,,,
516,Kyle Walker-Peters,eng ENG,DF,Southampton,24,1997,32,29,2633,29.3,1,2,3,1,0,0,5,0,1.1,1.1,2.7,3.8,134,147,165,0.03,0.07,0.1,0.03,0.1,0.04,0.09,0.13,0.04,0.13,,,
517,Aaron Wan-Bissaka,eng ENG,DF,Manchester Utd,23,1997,20,20,1793,19.9,0,0,0,0,0,0,2,0,0.3,0.3,0.9,1.2,55,61,90,0,0,0,0,0,0.02,0.04,0.06,0.02,0.06,,,
518,Danny Ward,wls WAL,GK,Leicester City,28,1993,1,1,90,1,0,0,0,0,0,0,0,0,0,0,0,0,0,0,0,0,0,0,0,0,0,0,0,0,0,,,
519,Joel Ward,eng ENG,DF,Crystal Palace,31,1989,28,27,2487,27.6,0,0,0,0,0,0,8,0,0.3,0.3,0.5,0.8,27,119,37,0,0,0,0,0,0.01,0.02,0.03,0.01,0.03,,,
520,James Ward-Prowse,eng ENG,MF,Southampton,26,1994,36,36,3215,35.7,10,5,15,6,4,4,3,1,5.4,2.2,6.5,8.7,21,189,42,0.28,0.14,0.42,0.17,0.31,0.15,0.18,0.33,0.06,0.24,,,
521,Ollie Watkins,eng ENG,FW,Aston Villa,25,1995,35,33,2952,32.8,11,2,13,10,1,1,7,0,11.6,11,3.4,14.4,74,60,226,0.34,0.06,0.4,0.3,0.37,0.35,0.1,0.46,0.34,0.44,,,
522,Adam Webster,eng ENG,DF,Brighton,26,1995,22,16,1434,15.9,2,0,2,2,0,0,5,0,0.9,0.9,0,0.9,19,109,7,0.13,0,0.13,0.13,0.13,0.06,0,0.06,0.06,0.06,,,
523,Wout Weghorst,nl NED,FW,Burnley,28,1992,20,17,1450,16.1,2,3,5,2,0,0,3,0,4.8,4.8,1.5,6.2,7,26,81,0.12,0.19,0.31,0.12,0.31,0.3,0.09,0.39,0.3,0.39,,,
524,Danny Welbeck,eng ENG,FWMF,Brighton,30,1990,25,15,1478,16.4,6,2,8,6,0,0,0,0,6.6,6.6,1.2,7.8,22,23,105,0.37,0.12,0.49,0.37,0.49,0.4,0.08,0.47,0.4,0.47,,,
525,Timo Werner,de GER,FWMF,Chelsea,25,1996,21,15,1283,14.3,4,1,5,4,0,0,1,0,6.8,6.8,0.3,7.1,46,18,144,0.28,0.07,0.35,0.28,0.35,0.48,0.02,0.5,0.48,0.5,,,
526,Ashley Westwood,eng ENG,MF,Burnley,31,1990,27,26,2287,25.4,0,3,3,0,0,0,7,0,0.6,0.6,4.1,4.7,12,130,27,0,0.12,0.12,0,0.12,0.02,0.16,0.19,0.02,0.19,,,
527,Ben White,eng ENG,DF,Arsenal,23,1997,32,32,2880,32,0,0,0,0,0,0,3,0,1,1,1.3,2.3,38,124,4,0,0,0,0,0,0.03,0.04,0.07,0.03,0.07,,,
528,Brandon Williams,eng ENG,DF,Norwich City,20,2000,26,23,2120,23.6,0,1,1,0,0,0,8,0,0.2,0.2,1.9,2.2,57,90,58,0,0.04,0.04,0,0.04,0.01,0.08,0.09,0.01,0.09,,,
529,Neco Williams,wls WAL,DF,Liverpool,20,2001,1,0,8,0.1,0,1,1,0,0,0,0,0,0,0,0.7,0.7,1,0,2,0,11.25,11.25,0,11.25,0,7.82,7.82,0,7.82,,,
530,Joe Willock,eng ENG,MF,Newcastle Utd,21,1999,29,24,2038,22.6,2,0,2,2,0,0,0,0,3.2,3.2,1.2,4.4,48,58,77,0.09,0,0.09,0.09,0.09,0.14,0.05,0.2,0.14,0.2,,,
531,Callum Wilson,eng ENG,FW,Newcastle Utd,29,1992,18,16,1386,15.4,8,0,8,6,2,2,4,0,6.2,4.6,0.5,5.1,14,9,52,0.52,0,0.52,0.39,0.39,0.4,0.03,0.43,0.3,0.33,,,
532,Harry Winks,eng ENG,MF,Tottenham,25,1996,19,9,912,10.1,0,1,1,0,0,0,2,0,0.1,0.1,1.5,1.6,10,73,18,0,0.1,0.1,0,0.1,0.01,0.15,0.16,0.01,0.16,,,
533,Yoane Wissa,cd COD,FW,Brentford,24,1996,30,12,1284,14.3,7,1,8,7,0,0,0,0,3.1,3.1,0.9,4,19,29,84,0.49,0.07,0.56,0.49,0.56,0.22,0.06,0.28,0.22,0.28,,,
534,Chris Wood,nz NZL,FW,Burnley,29,1991,17,17,1367,15.2,3,0,3,3,0,0,1,0,4.2,4.2,0.5,4.7,5,23,69,0.2,0,0.2,0.2,0.2,0.28,0.03,0.31,0.28,0.31,,,
535,Chris Wood,nz NZL,FW,Newcastle Utd,29,1991,17,15,1327,14.7,2,0,2,1,1,1,0,0,3.1,2.3,1.1,3.4,5,18,60,0.14,0,0.14,0.07,0.07,0.21,0.07,0.28,0.16,0.23,,,
536,Freddie Woodman,eng ENG,GK,Newcastle Utd,24,1997,4,4,360,4,0,0,0,0,0,0,0,0,0,0,0,0,0,0,0,0,0,0,0,0,0,0,0,0,0,,,
537,Granit Xhaka,ch SUI,MFDF,Arsenal,28,1992,27,27,2327,25.9,1,2,3,1,0,0,10,1,1.4,1.4,2.3,3.7,39,230,67,0.04,0.08,0.12,0.04,0.12,0.05,0.09,0.14,0.05,0.14,,,
538,Andriy Yarmolenko,ua UKR,FWMF,West Ham,31,1989,19,1,316,3.5,1,0,1,1,0,0,1,0,0.8,0.8,0.3,1.1,12,12,28,0.28,0,0.28,0.28,0.28,0.22,0.08,0.3,0.22,0.3,,,
539,Ashley Young,eng ENG,DFFW,Aston Villa,36,1985,24,10,1250,13.9,0,2,2,0,0,0,2,0,0.4,0.4,1,1.4,27,45,57,0,0.14,0.14,0,0.14,0.03,0.07,0.1,0.03,0.1,,,
540,Nathan Young-Coombes,eng ENG,MF,Brentford,18,2003,1,0,4,0,0,0,0,0,0,0,0,0,0,0,0,0,0,0,0,0,0,0,0,0,0,0,0,0,0,,,
541,Wilfried Zaha,ci CIV,FW,Crystal Palace,28,1992,33,31,2760,30.7,14,1,15,9,5,7,6,1,9.5,3.9,5.1,9,113,121,265,0.46,0.03,0.49,0.29,0.33,0.31,0.17,0.48,0.13,0.29,,,
542,Christoph Zimmermann,de GER,DF,Norwich City,28,1993,3,2,157,1.7,0,0,0,0,0,0,0,0,0,0,0,0,1,4,0,0,0,0,0,0,0.03,0,0.03,0.03,0.03,,,
543,Oleksandr Zinchenko,ua UKR,DF,Manchester City,24,1996,15,10,1047,11.6,0,4,4,0,0,0,0,0,0.5,0.5,2.7,3.2,32,113,88,0,0.34,0.34,0,0.34,0.04,0.23,0.27,0.04,0.27,,,
544,Hakim Ziyech,ma MAR,MFFW,Chelsea,28,1993,23,14,1319,14.7,4,3,7,4,0,0,3,0,3.4,3.4,2.9,6.3,50,88,142,0.27,0.2,0.48,0.27,0.48,0.23,0.2,0.43,0.23,0.43,,,
545,Kurt Zouma,fr FRA,DF,West Ham,26,1994,24,24,2078,23.1,1,0,1,1,0,0,1,0,1.1,1.1,0.1,1.2,11,33,2,0.04,0,0.04,0.04,0.04,0.05,0,0.05,0.05,0.05,,,
546,Martin Ødegaard,no NOR,MFFW,Arsenal,22,1998,36,32,2785,30.9,7,4,11,7,0,0,4,0,4.8,4.8,6.3,11.1,57,224,146,0.23,0.13,0.36,0.23,0.36,0.15,0.2,0.36,0.15,0.36,,,